Title,Metadata.Publishers,Metrics.Review Score,Metrics.Sales,Metrics.Used Price,Release.Console,Release.Rating,Length.All PlayStyles.Average
Super Mario 64 DS,Nintendo,85,4.69,24.95,Nintendo DS,E,22.716666666666665
Lumines: Puzzle Fusion,Ubisoft,89,0.56,14.95,Sony PSP,E,10.1
WarioWare Touched!,Nintendo,81,0.54,22.95,Nintendo DS,E,4.566666666666666
Hot Shots Golf: Open Tee,Sony,81,0.49,12.95,Sony PSP,E,0.0
Spider-Man 2,Activision,61,0.45,14.95,Nintendo DS,E,13.25
The Urbz: Sims in the City,EA,67,0.41,12.95,Nintendo DS,M,21.933333333333334
Ridge Racer,Namco,88,0.36,19.95,Sony PSP,E,0.8166666666666667
Metal Gear Ac!d,Konami,75,0.34,17.95,Sony PSP,E,25.383333333333333
Madden NFL 2005,EA,68,0.25,8.95,Nintendo DS,T,0.0
Pokmon Dash,Nintendo,46,0.22,24.95,Nintendo DS,T,3.8333333333333335
Dynasty Warriors,,62,0.2,14.95,Sony PSP,E,8.883333333333333
Feel the Magic XY/XX,Sega,75,0.16,8.95,Nintendo DS,T,2.9
Ridge Racer DS,Namco,63,0.15,9.95,Nintendo DS,E,2.2333333333333334
Darkstalkers Chronicle: The Chaos Tower,Capcom,74,0.14,14.95,Sony PSP,E,1.6333333333333333
Ape Escape Academy,Sony,51,0.13,14.95,Sony PSP,E,1.8833333333333333
Polarium,Nintendo,73,0.12,8.95,Nintendo DS,E,6.733333333333333
Asphalt: Urban GT,Ubisoft,60,0.11,14.95,Nintendo DS,E,12.4
Zoo Keeper,,74,0.1,14.95,Nintendo DS,T,7.15
Mr. DRILLER: Drill Spirits,Namco,72,0.09,14.95,Nintendo DS,T,9.883333333333333
Sprung,Ubisoft,48,0.06,8.95,Nintendo DS,E,17.75
Armored Core: Formula Front - Extreme Battle,,66,0.05,16.95,Sony PSP,E,0.0
Puyo Pop Fever,Sega,76,0.04,19.95,Nintendo DS,E,2.5
Mario Kart DS,Nintendo,91,9.99,29.95,Nintendo DS,E,10.416666666666666
Nintendogs,Nintendo,83,9.72,26.95,Nintendo DS,E,39.38333333333333
Brain Age: Train Your Brain in Minutes a Day!,Nintendo,77,5.07,17.95,Nintendo DS,M,0.95
Brain Agey: More Training in Minutes a Day!,Nintendo,77,3.65,17.95,Nintendo DS,E,13.25
Grand Theft Auto: Liberty City Stories,Rockstar,88,2.97,17.95,Sony PSP,E,20.266666666666666
Animal Crossing: Wild World,Nintendo,86,2.6,24.95,Nintendo DS,T,168.96666666666667
Big Brain Academy,Nintendo,74,1.77,16.95,Nintendo DS,E,9.166666666666666
Call of Duty 2,Activision,89,1.69,17.95,X360,E,9.233333333333333
Midnight Club 3: DUB Edition,Rockstar,74,1.69,14.95,Sony PSP,T,39.0
Need for Speed: Most Wanted 5-1-0,EA,72,1.67,14.95,Sony PSP,M,11.383333333333333
Pokmon Mystery Dungeon: Blue Rescue Team,Nintendo,62,1.22,14.95,Nintendo DS,T,37.46666666666667
Sonic Rush,Sega,82,1.2,14.95,Nintendo DS,E,7.916666666666667
Star Wars: Battlefront II,,69,1.09,16.95,Sony PSP,E,15.016666666666667
SOCOM: U.S. Navy SEALs - Fireteam Bravo,Sony,82,1.07,14.95,Sony PSP,E,8.583333333333334
Need for Speed: Most Wanted,EA,83,0.95,17.95,X360,E,14.6
Zoo Tycoon DS,THQ,44,0.92,12.95,Nintendo DS,T,0.0
The Sims 2,EA,70,0.83,17.95,Nintendo DS,M,55.93333333333333
Mario & Luigi: Partners in Time,Nintendo,86,0.75,29.95,Nintendo DS,E,19.666666666666668
Madden NFL 06,EA,75,0.75,7.95,Sony PSP,E,3.75
Need for Speed Underground: Rivals,EA,74,0.73,17.95,Sony PSP,E,22.366666666666667
Twisted Metal: Head-On,Sony,79,0.73,14.95,Sony PSP,E,0.0
Perfect Dark Zero,Microsoft,79,0.7,17.95,X360,E,9.3
Super Monkey Ball: Touch & Roll,Sega,63,0.7,15.95,Nintendo DS,T,1.45
Super Princess Peach,Nintendo,75,0.7,29.95,Nintendo DS,T,11.0
Burnout Legends,EA,86,0.68,14.95,Sony PSP,T,12.833333333333334
Madden NFL 06,EA,74,0.62,4.95,X360,E,3.75
Clubhouse Games,Nintendo,83,0.61,17.95,Nintendo DS,E,20.0
ATV Offroad Fury: Blazin' Trails,Sony,63,0.56,12.95,Sony PSP,T,0.0
Untold Legends: Brotherhood of the Blade,Activision,68,0.56,12.95,Sony PSP,M,21.0
Tony Hawk's Underground 2: Remix,Activision,83,0.49,14.95,Sony PSP,T,23.45
The Sims 2,EA,65,0.46,14.95,Sony PSP,T,55.93333333333333
WipEout Pure,Sony,88,0.45,12.95,Sony PSP,E,9.516666666666667
NBA Live 06,EA,80,0.42,9.95,Sony PSP,E,4.0
WWE Smackdown vs. Raw 2006,THQ,81,0.38,14.95,Sony PSP,T,19.5
Dead or Alive 4,,85,0.38,17.95,X360,E,27.383333333333333
Phoenix Wright: Ace Attorney,Capcom,81,0.38,24.95,Nintendo DS,E,19.683333333333334
Spider-Man 2,Activision,67,0.38,14.95,Sony PSP,M,13.25
NFL Street 2,EA,73,0.37,17.95,Sony PSP,T,0.0
Kirby: Canvas Curse,Nintendo,86,0.37,17.95,Nintendo DS,T,7.4
Battlefield 2: Modern Combat,EA,77,0.36,16.95,X360,E,7.316666666666666
Yoshi Touch & Go,Nintendo,73,0.36,17.95,Nintendo DS,T,4.5
Tiger Woods PGA Tour 06,EA,71,0.33,9.95,X360,T,0.0
Condemned: Criminal Origins,Sega,81,0.33,14.95,X360,E,8.166666666666666
Peter Jackson's King Kong: The Official Game of...,Ubisoft,80,0.32,14.95,X360,T,6.966666666666667
Castlevania: Dawn of Sorrow,Konami,89,0.31,17.95,Nintendo DS,T,16.033333333333335
SpongeBob SquarePants: The Yellow Avenger,THQ,67,0.31,13.95,Nintendo DS,E,11.85
Marvel Nemesis: Rise of the Imperfects ,EA,58,0.31,17.95,Sony PSP,T,5.033333333333333
Kameo: Elements of Power,Microsoft,79,0.31,11.95,X360,T,10.033333333333333
Advance Wars: Dual Strike,Nintendo,90,0.3,17.95,Nintendo DS,T,70.36666666666666
Trauma Center: Under the Knife,Nintendo,81,0.3,15.95,Nintendo DS,T,8.75
Coded Arms,Konami,59,0.3,12.95,Sony PSP,M,7.066666666666666
NBA LIVE 06 ,EA,64,0.29,4.95,X360,E,4.0
Tony Hawk's American Wasteland,Activision,75,0.29,14.95,X360,E,12.883333333333333
Star Wars: Episode III - Revenge of the Sith,Ubisoft,73,0.28,16.95,Nintendo DS,E,5.1
Capcom Classics Collection Remixed,Capcom,72,0.28,17.95,Sony PSP,E,35.666666666666664
Madagascar,Activision,66,0.27,14.95,Nintendo DS,E,6.683333333333334
X-Men: Legends II - Rise of Apocalypse,Activision,84,0.27,17.95,Sony PSP,M,22.333333333333332
Quake 4,Activision,75,0.27,14.95,X360,E,9.133333333333333
Pokmon Trozei!,Nintendo,74,0.26,19.95,Nintendo DS,E,3.2333333333333334
Need for Speed: Most Wanted,EA,45,0.25,15.95,Nintendo DS,E,14.6
Mega Man Maverick Hunter X,Capcom,79,0.25,17.95,Sony PSP,E,6.766666666666667
Metroid Prime Pinball,Nintendo,79,0.22,17.95,Nintendo DS,E,5.566666666666666
NBA 06,Sony,72,0.22,9.95,Sony PSP,E,4.0
GUN ,Activision,75,0.22,19.95,X360,E,8.85
NBA 2K6 ,2K,81,0.22,4.95,X360,E,0.6166666666666667
Pinball Hall of Fame: The Gottlieb Collection,,73,0.21,9.95,Sony PSP,T,0.0
Harry Potter and the Goblet of Fire,EA,68,0.21,17.95,Nintendo DS,T,10.533333333333333
Tony Hawk's American Sk8land,Activision,84,0.21,16.95,Nintendo DS,E,18.8
MVP Baseball,EA,67,0.21,4.95,Sony PSP,M,0.0
Tiger Woods PGA Tour,EA,78,0.21,17.95,Sony PSP,E,0.0
World Series of Poker,Activision,37,0.21,14.95,Sony PSP,E,0.0
SSX on Tour,EA,79,0.2,16.95,Sony PSP,E,15.5
Tiger Woods PGA Tour 06,EA,80,0.2,9.95,Sony PSP,T,0.0
Death Jr.,Konami,61,0.19,9.95,Sony PSP,M,3.533333333333333
Harry Potter and the Goblet of Fire,EA,70,0.19,17.95,Sony PSP,T,10.533333333333333
MediEvil Resurrection,Sony,66,0.19,17.95,Sony PSP,T,9.6
"The Chronicles of Narnia: The Lion, the Witch a...",,65,0.18,12.95,Nintendo DS,T,4.35
Shrek SuperSlam,Activision,56,0.18,11.95,Nintendo DS,E,1.2166666666666668
Virtua Tennis: World Tour,Sega,84,0.18,14.95,Sony PSP,M,0.0
Prince of Persia: Revelations,Ubisoft,65,0.17,6.95,Sony PSP,E,0.0
Burnout Legends,EA,38,0.16,17.95,Nintendo DS,E,12.833333333333334
Meteos,Nintendo,88,0.16,15.95,Nintendo DS,E,17.266666666666666
Spyro: Shadow Legacy,,50,0.15,17.95,Nintendo DS,E,4.0
The Con,Sony,63,0.15,8.95,Sony PSP,E,0.0
Infected,,74,0.15,17.95,Sony PSP,E,6.666666666666667
Pursuit Force,Sony,75,0.14,14.95,Sony PSP,M,9.833333333333334
Kingdom of Paradise,Sony,72,0.13,12.95,Sony PSP,E,23.0
Dragon Ball Z: Supersonic Warriors 2,Atari,66,0.13,22.95,Nintendo DS,E,15.083333333333334
Dragon Quest Heroes: Rocket Slime,SquareEnix,83,0.13,12.95,Nintendo DS,T,15.1
Dead to Rights: Reckoning,Namco,54,0.13,14.95,Sony PSP,E,3.1
Amped 3,2K,72,0.13,14.95,X360,E,8.566666666666666
Break 'em All,,68,0.12,17.95,Nintendo DS,T,0.0
Lunar: Dragon Song,Ubisoft,59,0.12,14.95,Nintendo DS,M,25.633333333333333
Madden NFL 06,EA,66,0.12,9.95,Nintendo DS,E,3.75
Retro Atari Classics,Atari,51,0.12,12.95,Nintendo DS,E,0.0
True Swing Golf,Nintendo,66,0.12,14.95,Nintendo DS,E,0.0
FIFA Soccer,EA,73,0.12,14.95,Sony PSP,E,0.0
Metal Gear Ac!d 2,Konami,80,0.12,12.95,Sony PSP,E,14.833333333333334
ATV Quad Frenzy,,35,0.11,14.95,Nintendo DS,T,0.0
Bomberman,Ubisoft,75,0.11,17.95,Nintendo DS,E,3.3333333333333335
GoldenEye: Rogue Agent,EA,58,0.11,14.95,Nintendo DS,T,9.416666666666666
Need for Speed Underground 2,EA,65,0.11,22.95,Nintendo DS,T,20.966666666666665
Frogger: Helmet Chaos,Konami,66,0.11,19.95,Sony PSP,E,0.0
The Lord of the Rings: Tactics,EA,64,0.11,19.95,Sony PSP,M,5.0
Rengoku: The Tower of Purgatory,Konami,43,0.11,12.95,Sony PSP,E,4.716666666666667
Gretzky NHL,Sony,61,0.1,9.95,Sony PSP,E,0.0
Ridge Racer 6,EA,74,0.1,14.95,X360,E,8.0
Ford Racing 3,,49,0.1,14.95,Nintendo DS,E,7.1
NHL 2K6 ,2K,75,0.1,5.95,X360,T,2.5
Bust-a-Move DS,,75,0.09,17.95,Nintendo DS,E,0.0
Battles of Prince of Persia,Ubisoft,64,0.09,14.95,Nintendo DS,E,8.5
GripShift,Ubisoft,70,0.09,9.95,Sony PSP,E,0.0
Marvel Nemesis: Rise of the Imperfects ,EA,34,0.08,14.95,Nintendo DS,T,5.033333333333333
Scooby-Doo! Unmasked,THQ,60,0.08,17.95,Nintendo DS,E,8.0
Viewtiful Joe: Double Trouble!,Capcom,73,0.08,14.95,Nintendo DS,E,5.166666666666667
The Legend of Heroes: A Tear of Vermillion,,68,0.08,17.95,Sony PSP,T,31.283333333333335
PQ: Practical Intelligence Quotient,,69,0.08,14.95,Sony PSP,E,0.0
Lost in Blue,Konami,69,0.07,24.95,Nintendo DS,T,24.15
Ghost in the Shell: Stand Alone Complex,Sony,61,0.07,14.95,Sony PSP,E,0.0
Dig Dug: Digging Strike,Namco,65,0.06,16.95,Nintendo DS,E,0.0
Frogger: Helmet Chaos,Konami,69,0.06,17.95,Nintendo DS,E,0.0
Mega Man Battle Network 5: Double Team DS,Capcom,68,0.06,17.95,Nintendo DS,E,36.233333333333334
Nanostray,THQ,71,0.06,17.95,Nintendo DS,E,1.4333333333333333
Sega Casino,Sega,61,0.06,17.95,Nintendo DS,M,0.0
Teenage Mutant Ninja Turtles 3: Mutant Nightmare,Konami,58,0.06,17.95,Nintendo DS,T,4.5
Pac-Man World 3,EA,61,0.06,24.95,Sony PSP,E,8.0
Tokobot,,72,0.06,17.95,Sony PSP,T,9.333333333333334
Fullmetal Alchemist: Dual Sympathy,,58,0.05,14.95,Nintendo DS,M,14.0
Exit,Ubisoft,77,0.05,9.95,Sony PSP,E,6.0
Bubble Bobble Revolution,,38,0.04,17.95,Nintendo DS,M,0.0
The Rub Rabbits!,Sega,68,0.02,17.95,Nintendo DS,M,3.1666666666666665
Electroplankton,Nintendo,71,0.01,29.95,Nintendo DS,T,0.43333333333333335
LifeSigns: Surgical Unit,,61,0.01,22.95,Nintendo DS,T,30.516666666666666
Space Invaders Revolution,,49,0.01,13.95,Nintendo DS,E,0.0
Wii Play,Nintendo,58,14.66,14.95,Nintendo Wii,T,5.816666666666666
New Super Mario Bros.,Nintendo,89,10.03,27.95,Nintendo DS,T,10.233333333333333
Pokmon Diamond,Nintendo,85,6.77,27.95,Nintendo DS,E,101.06666666666666
Pokmon Pearl,Nintendo,85,6.77,26.95,Nintendo DS,E,101.06666666666666
Gears of War,Microsoft,94,3.7,19.95,X360,M,10.833333333333334
The Legend of Zelda: Twilight Princess,Nintendo,95,3.33,39.95,Nintendo Wii,M,45.6
Cooking Mama,,67,2.9,17.95,Nintendo DS,M,8.633333333333333
Marvel Ultimate Alliance,Activision,82,2.42,14.95,X360,T,15.25
Daxter,Sony,85,2.38,14.95,Sony PSP,T,9.066666666666666
The Elder Scrolls IV: Oblivion,2K,94,2.12,19.95,X360,E,101.08333333333333
Madden NFL 07,EA,80,1.77,4.95,X360,E,0.0
Grand Theft Auto: Vice City Stories,Rockstar,86,1.72,17.95,Sony PSP,E,21.033333333333335
Resistance: Fall of Man,Sony,86,1.61,19.95,PlayStation 3,E,12.2
MotorStorm,Sony,82,1.58,16.95,PlayStation 3,T,16.9
Call of Duty 3,Activision,82,1.51,16.95,X360,T,8.816666666666666
Yoshi's Island DS,Nintendo,81,1.49,27.95,Nintendo DS,E,9.633333333333333
Tom Clancy's Ghost Recon: Advanced Warfighter,Ubisoft,90,1.46,14.95,X360,E,8.666666666666666
Fight Night Round 3,EA,86,1.4,14.95,X360,E,11.183333333333334
Pokmon Ranger,Nintendo,69,1.36,19.95,Nintendo DS,E,16.55
Rayman Raving Rabbids,Ubisoft,76,1.26,17.95,Nintendo Wii,T,6.7
Saints Row,THQ,81,1.23,14.95,X360,T,24.683333333333334
Tom Clancy's Rainbow Six: Vegas,Ubisoft,88,1.19,14.95,X360,E,9.9
Dead Rising,Capcom,85,1.16,16.95,X360,E,19.233333333333334
Call of Duty 3,Activision,69,1.15,19.95,Nintendo Wii,E,8.816666666666666
Lost Planet: Extreme Condition,Capcom,79,1.15,12.95,X360,M,8.866666666666667
Mario Hoops 3 on 3,Nintendo,69,1.03,22.95,Nintendo DS,M,4.25
LEGO Star Wars II: The Original Trilogy,EA,47,1.02,17.95,Nintendo DS,E,17.55
Super Monkey Ball: Banana Blitz,Sega,74,1.0,14.95,Nintendo Wii,T,5.316666666666666
The Sims 2: Pets,EA,49,0.97,14.95,Nintendo DS,T,27.7
Need for Speed: Carbon - Own the City,EA,73,0.93,16.95,Sony PSP,E,18.033333333333335
WarioWare: Smooth Moves,Nintendo,83,0.9,39.95,Nintendo Wii,T,4.466666666666667
Fight Night Round 3,EA,83,0.86,13.95,PlayStation 3,T,11.183333333333334
Final Fantasy III,SquareEnix,77,0.86,17.95,Nintendo DS,E,51.06666666666667
SOCOM: U.S. Navy SEALs - Fireteam Bravo 2,Sony,81,0.86,16.95,Sony PSP,E,0.0
Madden NFL 07,EA,78,0.83,9.95,Sony PSP,E,0.0
Monster 4x4: World Circuit,Ubisoft,51,0.82,12.95,Nintendo Wii,E,0.0
Kirby: Squeak Squad,Nintendo,71,0.82,27.95,Nintendo DS,T,5.633333333333333
Pokmon Battle Revolution,Nintendo,53,0.81,39.95,Nintendo Wii,T,20.033333333333335
Medal of Honor: Heroes,EA,71,0.81,14.95,Sony PSP,E,4.966666666666667
Tekken: Dark Resurrection,Sony,88,0.81,17.95,Sony PSP,E,22.65
Need for Speed: Carbon,EA,77,0.78,16.95,X360,E,13.3
Mario vs. Donkey Kong 2: March of the Minis,Nintendo,76,0.77,27.95,Nintendo DS,T,5.016666666666667
Sonic Rivals,Sega,64,0.76,17.95,Sony PSP,T,9.6
NCAA Football 07,EA,79,0.7,4.95,X360,E,0.0
Mortal Kombat: Unchained,Midway,70,0.67,17.95,Sony PSP,E,13.55
Tom Clancy's Splinter Cell: Double Agent,Ubisoft,85,0.67,17.95,X360,E,12.416666666666666
Tetris DS,Nintendo,84,0.66,17.95,Nintendo DS,M,27.4
LEGO Star Wars II: The Original Trilogy,,83,0.61,17.95,Sony PSP,T,17.55
Red Steel,Ubisoft,63,0.58,14.95,Nintendo Wii,T,8.6
Metroid Prime: Hunters,Nintendo,85,0.58,27.95,Nintendo DS,E,9.3
LEGO Star Wars II: The Original Trilogy,,81,0.57,14.95,X360,E,17.55
NBA 2K7 ,2K,84,0.56,4.95,X360,E,8.183333333333334
SEGA Genesis Collection,Sega,82,0.55,17.95,Sony PSP,T,0.0
Call of Duty 3,Activision,80,0.52,19.95,PlayStation 3,T,8.816666666666666
NBA Live 07,EA,64,0.51,7.95,Sony PSP,E,0.0
Madden NFL 07,EA,76,0.49,6.95,PlayStation 3,T,0.0
SpongeBob SquarePants: The Yellow Avenger,THQ,48,0.49,12.95,Sony PSP,T,11.85
Madden NFL 07,EA,81,0.48,9.95,Nintendo Wii,E,0.0
Fight Night Round 3,EA,74,0.48,16.95,Sony PSP,T,11.183333333333334
Need for Speed: Carbon,EA,75,0.47,17.95,PlayStation 3,T,13.3
Need for Speed: Carbon,EA,67,0.47,17.95,Nintendo Wii,M,13.3
WWE SmackDown vs. Raw 2007,THQ,81,0.45,12.95,X360,E,23.4
Tiger Woods PGA Tour 07,EA,80,0.45,9.95,X360,T,10.0
Viva Pi$?ata,Microsoft,84,0.44,16.95,X360,E,38.7
SpongeBob Squarepants: Creature from the Krusty Krab,THQ,57,0.44,14.95,Nintendo Wii,T,7.083333333333333
Tony Hawk's Project 8,Activision,68,0.42,17.95,Sony PSP,M,17.166666666666668
Tony Hawk's Project 8,Activision,81,0.42,16.95,X360,E,17.166666666666668
NBA LIVE 07 ,EA,59,0.42,4.95,X360,T,0.0
Excite Truck,Nintendo,72,0.4,19.95,Nintendo Wii,M,15.85
Harvest Moon DS,,67,0.4,17.95,Nintendo DS,T,53.38333333333333
Star Fox Command,Nintendo,76,0.39,14.95,Nintendo DS,T,3.7
Metal Gear Solid: Portable Ops,Konami,87,0.39,17.95,Sony PSP,T,13.35
Marvel Ultimate Alliance,Activision,73,0.38,17.95,Nintendo Wii,M,15.25
Blazing Angels: Squadrons of WWII,Ubisoft,66,0.37,16.95,X360,E,0.0
Major League Baseball 2K6,2K,66,0.37,4.95,X360,T,7.65
NCAA Football 07,EA,75,0.36,9.95,Sony PSP,T,0.0
MLB 06: The Show,Sony,83,0.35,9.95,Sony PSP,T,0.0
Blazing Angels: Squadrons of WWII,Ubisoft,67,0.35,16.95,PlayStation 3,T,0.0
WWE SmackDown vs. Raw 2007,THQ,78,0.34,14.95,Sony PSP,T,23.4
Rune Factory: A Fantasy Harvest Moon,,78,0.34,24.95,Nintendo DS,T,66.13333333333334
Marvel Ultimate Alliance,Activision,81,0.34,22.95,Sony PSP,E,15.25
Marvel Ultimate Alliance,Activision,78,0.33,24.95,PlayStation 3,M,15.25
Tiger Woods PGA Tour 07,EA,81,0.32,14.95,PlayStation 3,E,10.0
Ace Combat X: Skies of Deception,Namco,75,0.32,22.95,Sony PSP,E,4.883333333333333
Killzone: Liberation,Sony,77,0.32,16.95,Sony PSP,M,8.3
F.E.A.R.: First Encounter Assault Recon,,85,0.32,17.95,X360,E,9.4
NBA 2K7,2K,80,0.31,7.95,PlayStation 3,E,8.183333333333334
Tony Hawk's Project 8,Activision,76,0.3,14.95,PlayStation 3,T,17.166666666666668
Avatar: The Last Airbender,THQ,64,0.3,17.95,Nintendo DS,E,4.75
Castlevania: Portrait of Ruin,Konami,85,0.3,17.95,Nintendo DS,M,13.133333333333333
Hitman: Blood Money,Eidos,82,0.29,22.95,X360,E,14.066666666666666
Rockstar Games presents Table Tennis,Rockstar,81,0.28,9.95,X360,M,6.0
Trauma Center: Second Opinion,Nintendo,80,0.28,17.95,Nintendo Wii,T,9.216666666666667
Tenchu Z,Microsoft,56,0.28,14.95,X360,E,34.03333333333333
Elite Beat Agents,Nintendo,87,0.27,9.95,Nintendo DS,M,10.266666666666667
Street Fighter Alpha 3 MAX,Capcom,80,0.27,14.95,Sony PSP,M,3.0
Blue Dragon,Microsoft,79,0.27,14.95,X360,T,59.916666666666664
The Lord of the Rings: The Battle for Middle Ea...,EA,79,0.27,19.95,X360,T,20.433333333333334
Prey,2K,79,0.27,14.95,X360,T,8.35
Over the Hedge,Activision,71,0.26,16.95,Nintendo DS,E,7.216666666666667
Capcom Classics Collection Reloaded,Capcom,75,0.26,17.95,Sony PSP,T,0.0
Pirates of the Caribbean: Dead Man's Chest,,52,0.26,14.95,Sony PSP,T,2.6833333333333336
NHL 07 ,EA,79,0.26,5.95,X360,T,9.0
Monster Hunter Freedom,Capcom,71,0.25,12.95,Sony PSP,E,279.73333333333335
Chromehounds,Sega,71,0.25,14.95,X360,T,32.666666666666664
Test Drive Unlimited,Atari,82,0.25,17.95,X360,T,53.4
Dragon Ball Z: Budokai Tenkaichi 2,Atari,72,0.24,14.95,Nintendo Wii,E,17.633333333333333
Dragon Quest Monsters: Joker,SquareEnix,75,0.24,14.95,Nintendo DS,T,37.96666666666667
Pirates of the Caribbean: Dead Man's Chest,,63,0.24,11.95,Nintendo DS,E,2.6833333333333336
NFL Street 3,EA,68,0.24,14.95,Sony PSP,T,0.0
Syphon Filter: Dark Mirror,Sony,87,0.24,12.95,Sony PSP,M,8.466666666666667
NBA 07,Sony,63,0.23,6.95,PlayStation 3,T,0.0
Ridge Racer 7,Sony,78,0.23,19.95,PlayStation 3,E,21.25
The Outfit,THQ,70,0.23,14.95,X360,E,7.866666666666667
Elebits,Konami,75,0.22,14.95,Nintendo Wii,T,8.016666666666667
Tony Hawk's Downhill Jam,Activision,76,0.22,14.95,Nintendo DS,T,0.0
The Sims 2: Pets,EA,57,0.21,17.95,Sony PSP,T,27.7
Tiger Woods PGA Tour 07,EA,78,0.21,12.95,Sony PSP,E,10.0
Thrillville,Atari,72,0.2,14.95,Sony PSP,E,8.233333333333333
The Godfather: The Game,EA,77,0.2,17.95,X360,T,21.15
Rampage: Total Destruction,Midway,46,0.19,16.95,Nintendo Wii,E,5.0
College Hoops 2K7,2K,82,0.19,6.95,X360,T,0.0
Far Cry: Instincts - Predator,Ubisoft,78,0.19,17.95,X360,E,18.766666666666666
Full Auto,Sega,70,0.19,16.95,X360,E,5.0
Age of Empires: The Age of Kings,,80,0.19,17.95,Nintendo DS,T,57.85
Need for Speed: Carbon - Own the City,EA,70,0.19,14.95,Nintendo DS,T,18.033333333333335
Brothers in Arms: D-Day,Ubisoft,65,0.19,6.95,Sony PSP,T,8.0
Family Guy Video Game!,2K,51,0.19,19.95,Sony PSP,M,6.1
Superman Returns,EA,51,0.19,7.95,X360,E,18.766666666666666
Over G Fighters,Ubisoft,49,0.18,17.95,X360,E,0.0
Final Fantasy XI Online,SquareEnix,66,0.18,4.95,X360,E,0.0
Mystery Dungeon: Shiren the Wanderer,Sega,69,0.17,17.95,Nintendo DS,T,33.0
Phoenix Wright: Ace Attorney - Justice for All,Capcom,76,0.17,13.95,Nintendo DS,E,18.833333333333332
Justice League Heroes,,72,0.17,17.95,Sony PSP,M,10.366666666666667
Valhalla Knights,,53,0.17,16.95,Sony PSP,T,100.0
Genji: Days of the Blade,Sony,55,0.17,14.95,PlayStation 3,T,13.333333333333334
Top Spin 2,2K,75,0.16,12.95,X360,T,10.0
Field Commander,Sony,77,0.16,14.95,Sony PSP,T,13.883333333333333
Children of Mana,Nintendo,65,0.16,16.95,Nintendo DS,E,22.55
Valkyrie Profile: Lenneth,SquareEnix,80,0.16,22.95,Sony PSP,E,37.5
Monster House,THQ,62,0.15,14.95,Nintendo DS,M,6.666666666666667
Enchanted Arms,Ubisoft,69,0.15,17.95,X360,E,43.28333333333333
NHL 07,EA,76,0.14,12.95,Sony PSP,M,9.0
Bust-a-Move Deluxe,,73,0.14,14.95,Sony PSP,M,0.0
Full Auto 2: Battlelines,Sega,67,0.14,14.95,PlayStation 3,T,10.033333333333333
Blitz: The League,Midway,69,0.14,14.95,X360,T,15.0
Star Trek Legacy,Ubisoft,64,0.14,24.95,X360,E,9.033333333333333
Eragon,,63,0.14,16.95,Nintendo DS,E,8.833333333333334
Master of Illusion,Nintendo,69,0.14,14.95,Nintendo DS,E,4.1
Mega Man ZX,Capcom,76,0.14,19.95,Nintendo DS,T,11.266666666666667
Untold Legends: The Warrior's Code,Sony,65,0.14,14.95,Sony PSP,T,0.0
Super Swing Golf,,72,0.14,16.95,Nintendo Wii,T,0.0
X-Men: The Official Game,Activision,52,0.14,14.95,X360,M,11.883333333333333
Untold Legends: Dark Kingdom,Sony,58,0.13,16.95,PlayStation 3,E,24.75
Happy Feet,Midway,46,0.13,14.95,Nintendo Wii,E,0.6666666666666666
Open Season,Ubisoft,72,0.13,17.95,Nintendo DS,T,5.466666666666667
Dungeon Siege: Throne of Agony,2K,74,0.13,24.95,Sony PSP,E,17.6
LocoRoco,Sony,83,0.13,17.95,Sony PSP,T,8.166666666666666
Dead or Alive: Xtreme 2,,53,0.13,14.95,X360,T,1.0
Fuzion Frenzy 2,Microsoft,49,0.12,14.95,X360,T,4.366666666666666
MotoGP '06,THQ,80,0.12,14.95,X360,M,0.0
Lumines II,,81,0.12,14.95,Sony PSP,E,14.5
Major League Baseball 2K6,2K,69,0.12,4.95,Sony PSP,M,7.65
Star Wars: Lethal Alliance,Ubisoft,61,0.12,17.95,Sony PSP,T,5.666666666666667
Worms: Open Warfare,THQ,70,0.12,17.95,Sony PSP,T,9.116666666666667
Eragon,,59,0.11,14.95,Sony PSP,E,8.833333333333334
Metal Slug Anthology,,73,0.11,16.95,Nintendo Wii,T,7.483333333333333
Open Season,Ubisoft,59,0.11,14.95,X360,E,5.466666666666667
Tom Clancy's Splinter Cell: Double Agent,Ubisoft,61,0.11,17.95,Nintendo Wii,T,12.416666666666666
Avatar: The Last Airbender,THQ,57,0.11,17.95,Sony PSP,E,4.75
Lemmings,Sony,76,0.11,17.95,Sony PSP,E,20.433333333333334
Mega Man Powered Up,Capcom,82,0.11,16.95,Sony PSP,E,5.633333333333333
College Hoops 2K6,2K,70,0.11,6.95,X360,E,1.55
Dynasty Warriors 5: Empires,,61,0.1,14.95,X360,T,34.31666666666667
Magical Starsign,Nintendo,69,0.1,9.95,Nintendo DS,E,28.966666666666665
Resident Evil: Deadly Silence,Capcom,71,0.1,17.95,Nintendo DS,E,6.9
X-Men: The Official Game,Activision,50,0.1,14.95,Nintendo DS,E,11.883333333333333
Cabela's African Safari,Activision,53,0.1,17.95,X360,E,0.0
Cabela's Alaskan Adventures,Activision,48,0.1,17.95,X360,E,20.0
Armored Core 4,Sega,65,0.09,19.95,PlayStation 3,E,20.6
Eragon,,48,0.09,12.95,X360,T,8.833333333333334
LostMagic,Ubisoft,68,0.09,14.95,Nintendo DS,T,13.283333333333333
Magnetica,Nintendo,68,0.09,17.95,Nintendo DS,T,9.933333333333334
Def Jam Fight for NY: The Takeover,EA,79,0.09,17.95,Sony PSP,T,5.133333333333334
NASCAR 07,EA,66,0.09,24.95,Sony PSP,T,0.0
The Ant Bully,Midway,45,0.09,16.95,Nintendo Wii,T,3.5666666666666664
Just Cause,Eidos,73,0.09,16.95,X360,E,14.616666666666667
Onechanbara: Bikini Samurai Squad,,39,0.09,19.95,X360,E,16.983333333333334
Phantasy Star Universe,Sega,64,0.09,24.95,X360,E,35.13333333333333
Project Sylpheed: Arc of Deception,Microsoft,64,0.09,14.95,X360,T,7.65
Winning Eleven: Pro Evolution Soccer 2007,Konami,80,0.08,11.95,X360,E,37.0
Kororinpa: Marble Mania,Nintendo,69,0.08,17.95,Nintendo Wii,T,0.0
Digimon World DS,Namco,49,0.08,27.95,Nintendo DS,E,30.65
Justice League Heroes,,43,0.08,17.95,Nintendo DS,E,10.366666666666667
Innocent Life: A Futuristic Harvest Moon,,67,0.08,17.95,Sony PSP,E,33.733333333333334
Power Stone Collection,Capcom,74,0.08,14.95,Sony PSP,M,8.366666666666667
EA Replay,EA,56,0.07,14.95,Sony PSP,E,0.0
Open Season,Ubisoft,49,0.07,17.95,Nintendo Wii,M,5.466666666666667
Samurai Warriors 2,,52,0.07,14.95,X360,M,46.18333333333333
Far Cry: Vengeance,Ubisoft,38,0.07,16.95,Nintendo Wii,E,0.0
Import Tuner Challenge,Ubisoft,54,0.07,17.95,X360,E,34.666666666666664
Contact,,73,0.07,14.95,Nintendo DS,E,15.6
Touch Detective,,60,0.07,14.95,Nintendo DS,T,6.9
FIFA Street 2,EA,58,0.07,17.95,Sony PSP,T,25.716666666666665
007: From Russia with Love,EA,61,0.07,17.95,Sony PSP,T,6.383333333333334
PaRappa the Rapper,Sony,67,0.07,12.95,Sony PSP,T,1.7
Riviera: The Promised Land,,68,0.07,17.95,Sony PSP,M,24.316666666666666
Samurai Warriors: State of War,,64,0.07,17.95,Sony PSP,E,10.5
Viewtiful Joe: Red Hot Rumble,Capcom,63,0.07,14.95,Sony PSP,E,10.566666666666666
Ice Age 2: The Meltdown,,66,0.07,17.95,Nintendo Wii,E,9.25
Rumble Roses XX,Konami,62,0.06,17.95,X360,E,119.25
Bionicle Heroes,Eidos,72,0.06,16.95,Nintendo DS,T,15.3
Deep Labyrinth,,57,0.06,10.95,Nintendo DS,T,13.566666666666666
Blade Dancer: Lineage of Light,,60,0.06,16.95,Sony PSP,E,29.283333333333335
Every Extend Extra,,74,0.06,11.95,Sony PSP,E,12.0
Ultimate Ghosts 'N' Goblins,Capcom,72,0.06,17.95,Sony PSP,E,6.15
Xiaolin Showdown,Konami,44,0.06,14.95,Sony PSP,M,9.45
Bionicle Heroes,Eidos,59,0.06,14.95,X360,T,15.3
Bullet Witch,Atari,55,0.06,16.95,X360,M,8.533333333333333
Death Jr. II: Root of Evil,Konami,68,0.05,14.95,Sony PSP,E,9.7
Alex Rider: Stormbreaker,THQ,48,0.05,12.95,Nintendo DS,M,6.5
Cartoon Network Racing,,55,0.05,14.95,Nintendo DS,E,14.866666666666667
Guilty Gear: Dust Strikers,,60,0.05,14.95,Nintendo DS,E,0.31666666666666665
Gunpey DS,Namco,70,0.05,12.95,Nintendo DS,E,8.0
Lara Croft Tomb Raider: Legend,Eidos,58,0.05,17.95,Nintendo DS,E,9.15
Worms: Open Warfare,THQ,64,0.05,17.95,Nintendo DS,E,9.116666666666667
Mercury Meltdown,,78,0.05,12.95,Sony PSP,M,0.0
MTX Mototrax,Activision,67,0.05,19.95,Sony PSP,M,0.0
Snoopy vs. the Red Baron,Namco,76,0.05,17.95,Sony PSP,E,6.0
Super Monkey Ball Adventure,Sega,56,0.05,24.95,Sony PSP,E,0.0
Ys VI: The Ark of Napishtim,Konami,64,0.05,16.95,Sony PSP,E,14.716666666666667
Bomberman Land Touch!,,78,0.04,24.95,Nintendo DS,E,16.416666666666668
Point Blank DS,Namco,66,0.04,17.95,Nintendo DS,M,0.9
Scurge: Hive,,70,0.04,8.95,Nintendo DS,M,10.783333333333333
Star Trek: Tactical Assault,Ubisoft,63,0.04,17.95,Nintendo DS,T,0.0
Tao's Adventure: Curse of the Demon Seal,Konami,50,0.04,14.95,Nintendo DS,E,45.0
Ford Bold Moves Street Racing,Eidos,52,0.04,17.95,Sony PSP,T,0.0
Gitaroo Man Lives!,,80,0.04,22.95,Sony PSP,E,2.4333333333333336
Gradius Collection,Konami,76,0.04,17.95,Sony PSP,T,10.116666666666667
The Legend of Heroes II: Prophecy of the Moonli...,Namco,63,0.04,17.95,Sony PSP,E,24.7
Pac-Man World Rally,Namco,51,0.04,17.95,Sony PSP,T,2.75
Bomberman: Act Zero,Konami,34,0.04,12.95,X360,E,0.0
Earth Defense Force 2017,,69,0.03,17.95,X360,T,22.466666666666665
WarTech: Senko no Ronde,Ubisoft,60,0.03,12.95,X360,T,25.883333333333333
MechAssault: Phantom War,,66,0.03,12.95,Nintendo DS,E,7.5
Astonishia Story,Ubisoft,48,0.03,16.95,Sony PSP,T,19.05
B-Boy,Sony,50,0.03,17.95,Sony PSP,E,0.0
BattleZone,Atari,57,0.03,14.95,Sony PSP,E,0.0
Bounty Hounds,Namco,63,0.03,17.95,Sony PSP,T,0.0
Bubble Bobble Evolution,,47,0.03,12.95,Sony PSP,E,0.0
MotoGP,Sony,69,0.03,32.95,Sony PSP,E,7.5
OutRun 2006: Coast 2 Coast,Sega,82,0.03,17.95,Sony PSP,E,5.183333333333334
Warhammer: Battle for Atluma,Namco,55,0.03,17.95,Sony PSP,M,0.0
SBK: Snowboard Kids,,63,0.02,19.95,Nintendo DS,E,6.316666666666666
Tenchu: Dark Secret,Nintendo,37,0.02,14.95,Nintendo DS,E,7.1
Dungeon Maker: Hunting Ground,,70,0.02,14.95,Sony PSP,E,0.0
Metal Gear Solid: Digital Graphic Novel,Konami,78,0.02,17.95,Sony PSP,T,3.183333333333333
Star Trek: Tactical Assault,Ubisoft,64,0.02,17.95,Sony PSP,E,0.0
Micro Machines V4,,61,0.01,17.95,Sony PSP,E,0.0
Platypus,,59,0.01,14.95,Sony PSP,T,1.4333333333333333
Custom Robo Arena,Nintendo,74,0.01,17.95,Nintendo DS,T,24.033333333333335
Gurumin: A Monstrous Adventure,,78,0.01,13.95,Sony PSP,T,11.516666666666667
Spider-Man 3,Ubisoft,58,0.01,6.95,Sony PSP,M,10.833333333333334
Wii Fit,Nintendo,80,9.6,24.95,Nintendo Wii,T,6.066666666666666
Halo 3,Microsoft,94,8.03,24.95,X360,E,10.35
Call of Duty 4: Modern Warfare,Activision,94,5.77,29.95,X360,E,8.016666666666667
Super Mario Galaxy,Nintendo,97,4.94,39.95,Nintendo Wii,E,24.833333333333332
Mario Party DS,Nintendo,72,4.34,27.95,Nintendo DS,T,8.033333333333333
Mario Party 8,Nintendo,62,3.84,39.95,Nintendo Wii,T,6.2
Guitar Hero III: Legends of Rock,Activision,85,3.28,12.95,X360,T,15.183333333333334
Link's Crossbow Training,Nintendo,68,3.2,14.95,Nintendo Wii,E,2.1
Guitar Hero III: Legends of Rock,Activision,86,3.19,49.95,Nintendo Wii,T,15.183333333333334
Assassin's Creed,Ubisoft,81,3.17,16.95,X360,T,18.75
LEGO Star Wars: The Complete Saga,,80,3.03,17.95,Nintendo Wii,M,24.883333333333333
Call of Duty 4: Modern Warfare,Activision,94,2.91,24.95,PlayStation 3,E,8.016666666666667
Mario & Sonic at the Olympic Games,Nintendo,67,2.74,29.95,Nintendo Wii,E,9.233333333333333
LEGO Star Wars: The Complete Saga,,80,2.66,17.95,Nintendo DS,E,24.883333333333333
Forza Motorsport 2,Microsoft,90,2.48,12.95,X360,T,59.55
Madden NFL 08,EA,85,2.32,9.95,X360,E,106.0
Guitar Hero II,Activision,92,2.04,17.95,X360,T,13.416666666666666
Rock Band,,92,2.02,14.95,X360,E,19.366666666666667
The Legend of Zelda: Phantom Hourglass,Nintendo,90,1.92,24.95,Nintendo DS,E,20.216666666666665
Pokmon Mystery Dungeon: Explorers of Darkness,Nintendo,59,1.91,15.95,Nintendo DS,E,31.183333333333334
Pokmon Mystery Dungeon: Explorers of Time,Nintendo,59,1.91,24.95,Nintendo DS,T,31.183333333333334
Assassin's Creed,Ubisoft,81,1.77,17.95,PlayStation 3,T,18.75
Uncharted: Drake's Fortune,Sony,88,1.76,24.95,PlayStation 3,T,9.5
Mass Effect,Microsoft,91,1.57,17.95,X360,T,28.066666666666666
Cooking Mama 2: Dinner with Friends,,70,1.56,17.95,Nintendo DS,E,8.216666666666667
BioShock,2K,96,1.52,16.95,X360,T,14.666666666666666
Super Paper Mario,Nintendo,85,1.5,29.95,Nintendo Wii,E,22.8
Game Party,Midway,25,1.49,14.95,Nintendo Wii,T,2.0
Ratchet & Clank: Size Matters,Sony,85,1.47,14.95,Sony PSP,E,8.016666666666667
Dance Dance Revolution Hottest Party,Konami,73,1.45,17.95,Nintendo Wii,T,8.0
Cooking Mama: Cook Off,,61,1.38,14.95,Nintendo Wii,M,3.4
Gran Turismo 5: Prologue,Sony,80,1.31,24.95,PlayStation 3,E,13.933333333333334
Professor Layton and the Curious Village,Nintendo,85,1.26,23.95,Nintendo DS,E,14.416666666666666
Resident Evil 4,Capcom,91,1.24,16.95,Nintendo Wii,T,18.766666666666666
The Elder Scrolls IV: Oblivion,Ubisoft,93,1.2,17.95,PlayStation 3,T,101.08333333333333
Transformers: Autobots,Activision,67,1.17,17.95,Nintendo DS,E,0.0
Transformers: Decepticons,Activision,66,1.17,17.95,Nintendo DS,M,0.0
Diddy Kong Racing DS,Nintendo,63,1.16,24.95,Nintendo DS,T,14.65
Big Brain Academy: Wii Degree,Nintendo,68,1.1,19.95,Nintendo Wii,M,20.0
Need for Speed: ProStreet,EA,72,1.1,16.95,X360,T,13.1
Deal or No Deal,,20,1.1,11.95,Nintendo DS,E,0.9833333333333333
LEGO Star Wars: The Complete Saga,,80,1.09,17.95,X360,T,24.883333333333333
Sonic and the Secret Rings,Sega,69,1.08,16.95,Nintendo Wii,E,9.65
The Orange Box,,96,1.06,17.95,X360,E,34.016666666666666
Crackdown,Microsoft,83,1.02,14.95,X360,M,16.666666666666668
Rock Band,,92,1.01,14.95,PlayStation 3,M,19.366666666666667
Tiger Woods PGA Tour 08,EA,72,1.0,17.95,Nintendo Wii,T,0.0
WWE Smackdown vs. Raw 2008,THQ,71,0.96,12.95,X360,T,25.316666666666666
Madden NFL 08,EA,81,0.94,9.95,PlayStation 3,T,106.0
Call of Duty 4: Modern Warfare,Activision,75,0.94,19.95,Nintendo DS,T,8.016666666666667
MySims,EA,68,0.94,17.95,Nintendo Wii,T,7.633333333333333
Mario Strikers Charged,Nintendo,79,0.93,29.95,Nintendo Wii,E,11.983333333333333
Star Wars Battlefront: Renegade Squadron,,73,0.93,16.95,Sony PSP,T,4.083333333333333
Flash Focus: Vision Training in Minutes a Day,Nintendo,59,0.91,17.95,Nintendo DS,T,6.0
Metroid Prime 3: Corruption,Nintendo,90,0.91,19.95,Nintendo Wii,T,15.983333333333333
Tom Clancy's Ghost Recon: Advanced Warfighter 2...,Ubisoft,86,0.89,14.95,X360,T,8.666666666666666
Madden NFL 08,EA,76,0.86,12.95,Nintendo Wii,M,106.0
Ratchet & Clank Future: Tools of Destruction,Sony,89,0.86,22.95,PlayStation 3,E,16.866666666666667
LEGO Star Wars: The Complete Saga,,80,0.85,17.95,PlayStation 3,M,24.883333333333333
Rayman Raving Rabbids 2,Ubisoft,67,0.84,17.95,Nintendo Wii,T,7.333333333333333
NBA 2K8 ,2K,81,0.83,9.95,X360,M,4.0
Namco Museum DS,Namco,67,0.8,17.95,Nintendo DS,E,10.0
Need for Speed: ProStreet,EA,73,0.75,16.95,PlayStation 3,T,13.1
Blazing Angels: Squadrons of WWII,Ubisoft,57,0.75,16.95,Nintendo Wii,E,0.0
Drawn to Life,THQ,73,0.75,17.95,Nintendo DS,T,13.716666666666667
EA Playground,EA,66,0.72,17.95,Nintendo Wii,T,0.0
Major League Baseball 2K7,2K,79,0.7,9.95,X360,E,0.0
Resident Evil: The Umbrella Chronicles,Nintendo,75,0.69,19.95,Nintendo Wii,T,11.7
NCAA Football 08,EA,81,0.68,9.95,X360,E,12.0
Spectrobes,,63,0.68,14.95,Nintendo DS,E,22.016666666666666
The Sims 2: Castaway,EA,66,0.66,16.95,Nintendo DS,M,8.0
WWE Smackdown vs. Raw 2008,THQ,74,0.64,14.95,PlayStation 3,E,25.316666666666666
Madden NFL 08,EA,75,0.64,9.95,Sony PSP,E,106.0
NBA Live 08,EA,73,0.6,9.95,PlayStation 3,M,0.0
The Simpsons Game,EA,69,0.6,17.95,Nintendo DS,M,1.0333333333333334
Ace Combat 6: Fires of Liberation,Namco,80,0.58,19.95,X360,E,13.45
Heavenly Sword,Sony,79,0.57,24.95,PlayStation 3,E,7.133333333333334
Ninja Gaiden Sigma,,88,0.57,19.95,PlayStation 3,E,14.933333333333334
Ben 10: Protector of the Earth,,63,0.57,16.95,Nintendo Wii,T,5.083333333333333
The Simpsons Game,EA,71,0.55,17.95,X360,T,1.0333333333333334
CrossworDS,,67,0.53,17.95,Nintendo DS,T,17.2
Sonic Rush Adventure,Sega,78,0.52,24.95,Nintendo DS,T,9.2
Tiger Woods PGA Tour 08,EA,80,0.51,14.95,X360,T,0.0
Tony Hawk's Proving Ground,Activision,72,0.51,16.95,X360,T,8.133333333333333
Call of Duty: Roads to Victory,Activision,64,0.51,24.95,Sony PSP,E,5.75
Transformers: The Game,Activision,52,0.51,14.95,X360,M,7.233333333333333
NBA 2K8,2K,81,0.5,9.95,PlayStation 3,M,4.0
Medal of Honor: Heroes 2,EA,69,0.5,17.95,Sony PSP,E,4.966666666666667
Spider-Man 3,Activision,63,0.5,11.95,X360,E,10.833333333333334
Tom Clancy's Rainbow Six: Vegas,Ubisoft,86,0.49,16.95,PlayStation 3,E,9.9
Need for Speed: ProStreet,EA,61,0.49,16.95,Nintendo Wii,M,13.1
NBA LIVE 08 ,EA,73,0.49,9.95,X360,T,0.0
Dance Dance Revolution Universe 2,Konami,65,0.48,19.95,X360,T,8.0
MX vs. ATV Untamed,THQ,70,0.48,17.95,X360,T,12.0
Final Fantasy IV,SquareEnix,85,0.48,17.95,Nintendo DS,T,38.333333333333336
NBA Street Homecourt,EA,80,0.47,7.95,X360,T,18.316666666666666
The Simpsons Game,EA,64,0.47,17.95,Nintendo Wii,T,1.0333333333333334
Winter Sports: The Ultimate Challenge,,52,0.47,16.95,Nintendo Wii,E,0.0
WWE Smackdown vs. Raw 2008,THQ,68,0.46,16.95,Sony PSP,E,25.316666666666666
Tiger Woods PGA Tour 07,EA,71,0.46,17.95,Nintendo Wii,T,10.0
Crash of the Titans,,73,0.46,17.95,Nintendo DS,T,7.75
Sonic Rivals 2,Sega,60,0.46,22.95,Sony PSP,M,22.0
Boogie,EA,57,0.45,17.95,Nintendo Wii,T,0.0
Medal of Honor: Airborne,EA,73,0.45,17.95,X360,E,6.383333333333334
The Sims 2: Castaway,EA,73,0.45,17.95,Nintendo Wii,T,8.0
Spider-Man 3,Activision,53,0.45,14.95,Nintendo Wii,T,10.833333333333334
Lost Odyssey,Microsoft,78,0.45,19.95,X360,T,69.95
Bee Movie Game,Activision,58,0.44,17.95,Nintendo DS,E,5.766666666666667
Spider-Man 3,Activision,79,0.44,16.95,Nintendo DS,M,10.833333333333334
Final Fantasy Tactics,SquareEnix,88,0.44,17.95,Sony PSP,M,58.166666666666664
Endless Ocean,Nintendo,72,0.44,24.95,Nintendo Wii,E,10.966666666666667
SingStar,Sony,82,0.43,14.95,PlayStation 3,E,0.0
Ratatouille,THQ,62,0.43,19.95,Nintendo Wii,T,13.2
The Sims 2: Pets,EA,65,0.43,22.95,Nintendo Wii,T,27.7
Two Worlds,,50,0.43,14.95,X360,M,32.7
Crash of the Titans,,69,0.42,17.95,Nintendo Wii,E,7.75
Sonic the Hedgehog,Sega,46,0.41,14.95,X360,T,3.533333333333333
Mega Man Star Force: Dragon,Capcom,60,0.41,27.95,Nintendo DS,T,20.816666666666666
Sonic the Hedgehog,Sega,43,0.4,16.95,PlayStation 3,M,3.533333333333333
Harry Potter and the Order of the Phoenix,EA,69,0.4,24.95,Nintendo Wii,T,12.383333333333333
Nicktoons: Attack of the Toybots,THQ,60,0.4,14.95,Nintendo Wii,T,0.0
WWE Smackdown vs. Raw 2008,THQ,59,0.39,12.95,Nintendo Wii,M,25.316666666666666
The Simpsons Game,EA,71,0.39,17.95,PlayStation 3,E,1.0333333333333334
DiRT,,83,0.39,17.95,X360,E,16.033333333333335
Kane & Lynch: Dead Men,Eidos,65,0.38,14.95,X360,E,5.933333333333334
Jam Sessions,Ubisoft,72,0.38,8.95,Nintendo DS,T,0.25
Monster Hunter Freedom 2,Capcom,72,0.38,12.95,Sony PSP,T,136.01666666666668
Shadowrun,Microsoft,66,0.38,12.95,X360,E,28.85
Thrillville: Off the Rails,,70,0.37,16.95,Nintendo Wii,E,12.15
Tony Hawk's Proving Ground,Activision,73,0.37,12.95,PlayStation 3,E,8.133333333333333
My Word Coach,Ubisoft,71,0.37,15.95,Nintendo DS,T,0.0
The World Ends With You,SquareEnix,88,0.37,17.95,Nintendo DS,M,48.666666666666664
The BIGS,2K,66,0.36,17.95,Nintendo Wii,M,16.816666666666666
NCAA Football 08,EA,77,0.36,9.95,PlayStation 3,T,12.0
Final Fantasy Tactics A2: Grimoire of the Rift,SquareEnix,80,0.36,17.95,Nintendo DS,E,79.46666666666667
Beowulf: The Game,Ubisoft,51,0.36,12.95,X360,E,10.85
The Darkness,2K,82,0.36,14.95,X360,M,10.9
Tom Clancy's Ghost Recon: Advanced Warfighter 2...,Ubisoft,84,0.35,17.95,PlayStation 3,T,8.666666666666666
Final Fantasy,SquareEnix,67,0.35,17.95,Sony PSP,T,22.4
Lair,Sony,53,0.35,19.95,PlayStation 3,E,9.283333333333333
Transformers: The Game,Activision,53,0.35,17.95,Nintendo Wii,T,7.233333333333333
Command & Conquer 3: Tiberium Wars,EA,82,0.35,24.95,X360,T,26.3
Overlord,,76,0.35,17.95,X360,M,22.1
Diner Dash,,64,0.34,17.95,Nintendo DS,T,5.133333333333334
Medal of Honor: Heroes 2,EA,73,0.34,19.95,Nintendo Wii,E,4.966666666666667
MX vs. ATV Untamed,THQ,67,0.33,17.95,PlayStation 3,T,12.0
Time Crisis 4,Namco,60,0.33,24.95,PlayStation 3,M,1.2166666666666668
Dragon Ball Z: Budokai Tenkaichi 3,Atari,72,0.33,17.95,Nintendo Wii,E,21.766666666666666
Final Fantasy XII: Revenant Wings,SquareEnix,81,0.33,19.95,Nintendo DS,T,38.55
SOCOM: U.S. Navy SEALs - Tactical Strike,Sony,72,0.33,14.95,Sony PSP,M,0.0
Unreal Tournament III,Midway,86,0.33,16.95,PlayStation 3,M,14.066666666666666
Bee Movie Game,Activision,62,0.32,14.95,Nintendo Wii,E,5.766666666666667
Def Jam: Icon,EA,69,0.32,17.95,X360,M,8.0
Transformers: The Game,Activision,54,0.32,17.95,PlayStation 3,E,7.233333333333333
TimeShift,,70,0.32,12.95,X360,M,8.5
SSX Blur,EA,74,0.31,17.95,Nintendo Wii,E,10.0
Bleach: The Blade of Fate,Sega,83,0.31,17.95,Nintendo DS,E,18.616666666666667
EA Playground,EA,60,0.31,11.95,Nintendo DS,E,0.0
Final Fantasy II,SquareEnix,63,0.31,17.95,Sony PSP,E,29.933333333333334
The Eye of Judgment,Sony,75,0.3,12.95,PlayStation 3,E,0.0
MLB 07: The Show,Sony,77,0.3,9.95,PlayStation 3,T,0.0
Virtua Fighter 5,Sega,85,0.3,14.95,PlayStation 3,M,3.3333333333333335
NiGHTS: Journey of Dreams,Sega,69,0.3,14.95,Nintendo Wii,M,6.683333333333334
Puzzle Quest: Challenge of the Warlords,,82,0.3,17.95,Nintendo DS,E,41.166666666666664
NBA Live 08,EA,73,0.3,14.95,Sony PSP,E,0.0
Kane & Lynch: Dead Men,Eidos,64,0.29,19.95,PlayStation 3,E,5.933333333333334
Crash of the Titans,,65,0.29,17.95,X360,E,7.75
Harry Potter and the Order of the Phoenix,EA,51,0.29,17.95,Nintendo DS,E,12.383333333333333
SimCity DS,EA,69,0.29,14.95,Nintendo DS,T,3.0
Wario: Master of Disguise,Nintendo,60,0.29,14.95,Nintendo DS,E,10.283333333333333
No More Heroes,Ubisoft,83,0.29,17.95,Nintendo Wii,M,14.633333333333333
BlackSite: Area 51,Midway,62,0.29,17.95,X360,E,5.816666666666666
Shrek the Third,Activision,56,0.28,14.95,X360,E,5.116666666666666
Shrek the Third,Activision,70,0.28,16.95,Nintendo DS,T,5.116666666666666
Surf's Up,Ubisoft,56,0.28,14.95,Nintendo DS,T,1.2833333333333332
MLB 07: The Show,Sony,82,0.28,9.95,Sony PSP,E,0.0
TMNT,Ubisoft,58,0.28,19.95,X360,E,4.916666666666667
Spider-Man: Friend or Foe,Activision,60,0.27,17.95,X360,E,11.116666666666667
Contra 4,Konami,83,0.27,17.95,Nintendo DS,T,7.366666666666666
Phoenix Wright: Ace Attorney - Trials and Tribu...,Capcom,81,0.27,17.95,Nintendo DS,T,22.083333333333332
Disney Pirates of the Caribbean: At World's End,Disney,66,0.27,14.95,Nintendo DS,T,10.316666666666666
Dragon Ball Z: Shin Budokai - Another Road,Namco,65,0.27,16.95,Sony PSP,E,8.616666666666667
Spider-Man 3,Activision,60,0.27,17.95,PlayStation 3,E,10.833333333333334
The Golden Compass,Sega,41,0.27,9.95,X360,M,8.566666666666666
Stuntman: Ignition,THQ,75,0.26,14.95,X360,T,8.2
Chicken Shoot,,27,0.26,12.95,Nintendo Wii,E,0.6166666666666667
Shrek the Third,Activision,57,0.26,16.95,Nintendo Wii,E,5.116666666666666
DK: Jungle Climber,Nintendo,77,0.26,24.95,Nintendo DS,T,6.433333333333334
Dragon Quest IV: Chapters of the Chosen,SquareEnix,80,0.26,24.95,Nintendo DS,T,31.566666666666666
300: March to Glory,Eidos,55,0.26,14.95,Sony PSP,E,7.4
Fire Emblem: Radiant Dawn,Nintendo,78,0.26,34.95,Nintendo Wii,T,50.18333333333333
The Golden Compass,Sega,35,0.26,14.95,Nintendo Wii,E,8.566666666666666
Manhunt 2,Rockstar,62,0.26,19.95,Nintendo Wii,E,10.383333333333333
NASCAR 08,EA,59,0.25,12.95,X360,E,0.0
Virtua Tennis 3,Sega,80,0.24,19.95,PlayStation 3,E,18.166666666666668
All-Pro Football 2K8,2K,75,0.24,7.95,X360,T,12.0
Major League Baseball 2K7,2K,74,0.24,7.95,PlayStation 3,M,0.0
The Warriors,Rockstar,52,0.24,17.95,Sony PSP,T,12.566666666666666
Ghost Rider,2K,49,0.23,16.95,Sony PSP,T,4.633333333333333
Tony Hawk's Proving Ground,Activision,57,0.23,16.95,Nintendo Wii,E,8.133333333333333
Juiced 2: Hot Import Nights,THQ,68,0.23,14.95,X360,E,16.45
Juiced 2: Hot Import Nights,THQ,72,0.23,13.95,Nintendo DS,T,16.45
The Simpsons Game,EA,59,0.23,16.95,Sony PSP,M,1.0333333333333334
Syphon Filter: Logan's Shadow,Sony,85,0.23,16.95,Sony PSP,T,10.633333333333333
Tiger Woods PGA Tour 08,EA,79,0.22,12.95,PlayStation 3,T,0.0
Ratatouille,THQ,56,0.22,16.95,X360,T,13.2
Trauma Center: New Blood,Nintendo,77,0.22,17.95,Nintendo Wii,E,11.733333333333333
Hotel Dusk: Room 215,Nintendo,78,0.22,14.95,Nintendo DS,E,15.6
Mega Man ZX Advent,Capcom,78,0.22,17.95,Nintendo DS,T,12.883333333333333
Silent Hill: 0rigins,Konami,78,0.22,17.95,Sony PSP,E,6.166666666666667
Harry Potter and the Order of the Phoenix,EA,68,0.22,16.95,X360,M,12.383333333333333
NHL 08 ,EA,85,0.22,9.95,X360,E,17.5
Castlevania: The Dracula X Chronicles,Konami,80,0.21,16.95,Sony PSP,E,8.566666666666666
Tony Hawk's Proving Ground,Activision,39,0.21,13.95,Nintendo DS,M,8.133333333333333
Jeanne d'Arc,Sony,87,0.21,19.95,Sony PSP,T,39.483333333333334
BWii: Battalion Wars 2,Nintendo,75,0.21,14.95,Nintendo Wii,T,10.033333333333333
Battlestations: Midway,Eidos,73,0.21,17.95,X360,T,7.966666666666667
Dragon Ball Z: Harukanaru Densetsu,Atari,57,0.2,14.95,Nintendo DS,T,0.0
Touch the Dead,,56,0.2,16.95,Nintendo DS,T,4.65
The Darkness,2K,80,0.2,14.95,PlayStation 3,E,10.9
Donkey Kong Barrel Blast,Nintendo,46,0.19,29.95,Nintendo Wii,T,0.0
The BIGS,2K,79,0.19,12.95,X360,M,16.816666666666666
Armored Core 4,Sega,65,0.19,17.95,X360,E,20.6
Etrian Odyssey,Nintendo,75,0.19,24.95,Nintendo DS,E,60.81666666666667
Ben 10: Protector of the Earth,,60,0.19,16.95,Sony PSP,T,5.083333333333333
Tom Clancy's Splinter Cell: Double Agent,Ubisoft,78,0.19,22.95,PlayStation 3,M,12.416666666666666
Looney Tunes: Acme Arsenal,,27,0.19,14.95,Nintendo Wii,T,3.8333333333333335
Zack & Wiki: Quest for Barbaros' Treasure,Capcom,87,0.19,17.95,Nintendo Wii,E,15.95
Monster Jam,Activision,43,0.18,17.95,X360,M,0.0
Virtua Fighter 5,Sega,89,0.18,17.95,X360,E,3.3333333333333335
Lunar Knights,Konami,82,0.18,16.95,Nintendo DS,T,18.55
Enchanted Arms,Ubisoft,64,0.18,17.95,PlayStation 3,E,43.28333333333333
F.E.A.R.: First Encounter Assault Recon,,72,0.18,17.95,PlayStation 3,T,9.4
Folklore,Sony,75,0.18,24.95,PlayStation 3,E,20.783333333333335
Juiced 2: Hot Import Nights,THQ,71,0.18,17.95,PlayStation 3,T,16.45
The Elder Scrolls IV: Shivering Isles,,86,0.18,24.95,X360,E,21.8
NHL 08,EA,86,0.17,9.95,PlayStation 3,T,17.5
NCAA 07 March Madness,EA,67,0.17,7.95,X360,E,0.0
Rayman Raving Rabbids,Ubisoft,67,0.17,16.95,X360,M,6.7
Viva Pi$?ata: Party Animals,Microsoft,56,0.17,14.95,X360,T,8.883333333333333
Warriors Orochi,,53,0.17,19.95,X360,E,16.25
Luminous Arc,,70,0.17,24.95,Nintendo DS,T,28.133333333333333
Picross DS,Nintendo,83,0.17,17.95,Nintendo DS,E,62.43333333333333
Harry Potter and the Order of the Phoenix,EA,67,0.17,17.95,PlayStation 3,E,12.383333333333333
College Hoops 2K7,2K,81,0.16,6.95,PlayStation 3,E,0.0
The BIGS,2K,80,0.16,22.95,PlayStation 3,T,16.816666666666666
Stuntman: Ignition,THQ,76,0.16,16.95,PlayStation 3,E,8.2
Mortal Kombat: Armageddon,Midway,71,0.16,24.95,Nintendo Wii,E,13.133333333333333
Def Jam: Icon,EA,68,0.16,16.95,PlayStation 3,E,8.0
Soulcalibur Legends,Namco,52,0.16,16.95,Nintendo Wii,E,10.033333333333333
Surf's Up,Ubisoft,64,0.16,16.95,Nintendo Wii,T,1.2833333333333332
Planet Puzzle League,Nintendo,86,0.16,17.95,Nintendo DS,E,0.31666666666666665
DiRT,,83,0.16,17.95,PlayStation 3,E,16.033333333333335
TMNT,Ubisoft,60,0.16,17.95,Nintendo Wii,E,4.916666666666667
Soldier of Fortune: Payback,Activision,50,0.16,13.95,X360,M,3.783333333333333
Dynasty Warriors: Gundam,Namco,60,0.15,22.95,PlayStation 3,E,62.06666666666667
Disney Pirates of the Caribbean: At World's End,Disney,55,0.15,14.95,PlayStation 3,M,10.316666666666666
Bee Movie Game,Activision,71,0.15,12.95,X360,T,5.766666666666667
Dynasty Warriors: Gundam,Namco,55,0.15,22.95,X360,M,62.06666666666667
Golden Axe,Sega,45,0.15,14.95,X360,M,1.1833333333333333
Dementium: The Ward,,72,0.15,17.95,Nintendo DS,M,4.016666666666667
Rondo of Swords,,69,0.15,19.95,Nintendo DS,E,23.233333333333334
Disgaea: Afternoon of Darkness,,87,0.15,17.95,Sony PSP,M,87.5
NASCAR 08,EA,57,0.15,14.95,PlayStation 3,M,0.0
Dragon Quest Swords: The Masked Queen and the T...,SquareEnix,65,0.15,16.95,Nintendo Wii,T,12.016666666666667
Call of Juarez,Ubisoft,71,0.15,14.95,X360,E,8.633333333333333
College Hoops 2K8,2K,81,0.15,9.95,X360,M,0.0
Eternal Sonata,Namco,79,0.15,27.95,X360,M,38.15
Kingdom Under Fire: Circle of Doom,Microsoft,55,0.15,14.95,X360,E,107.83333333333333
Vampire Rain,Microsoft,38,0.15,11.95,X360,T,10.883333333333333
All-Pro Football 2K8,2K,73,0.14,9.95,PlayStation 3,T,12.0
Mercury Meltdown,,77,0.14,12.95,Nintendo Wii,E,0.0
Conan,THQ,69,0.14,17.95,PlayStation 3,E,7.183333333333334
Godzilla: Unleashed,Atari,44,0.14,24.95,Nintendo Wii,E,0.0
NBA Live 08,EA,52,0.14,14.95,Nintendo Wii,M,0.0
Conan,THQ,69,0.14,14.95,X360,E,7.183333333333334
Spider-Man: Friend or Foe,Activision,59,0.13,17.95,Nintendo Wii,T,11.116666666666667
College Hoops 2K8,2K,82,0.12,12.95,PlayStation 3,M,0.0
NBA 08,Sony,63,0.12,9.95,PlayStation 3,M,0.0
Thrillville: Off the Rails,,73,0.12,17.95,X360,E,12.15
Geometry Wars: Galaxies,,79,0.12,14.95,Nintendo DS,T,18.5
Rayman Raving Rabbids,Ubisoft,56,0.12,17.95,Nintendo DS,M,6.7
WordJong,,77,0.12,17.95,Nintendo DS,M,0.0
"Warhammer 40,000: Squad Command",THQ,67,0.12,17.95,Sony PSP,T,0.0
Beowulf: The Game,Ubisoft,51,0.12,12.95,PlayStation 3,T,10.85
The Golden Compass,Sega,40,0.12,12.95,PlayStation 3,M,8.566666666666666
Scarface: The World is Yours,,71,0.12,22.95,Nintendo Wii,M,24.783333333333335
Hot Wheels: Beat That!,Activision,43,0.12,19.95,X360,T,0.0
NHL 2K8 ,2K,71,0.12,6.95,X360,T,0.0
NBA Street Homecourt,EA,81,0.11,14.95,PlayStation 3,E,18.316666666666666
Geometry Wars: Galaxies,,80,0.11,16.95,Nintendo Wii,T,18.5
Final Fantasy: Crystal Chronicles - Echoes of Time,SquareEnix,75,0.11,24.95,Nintendo DS,T,17.933333333333334
Godzilla Unleashed: Double Smash,Atari,28,0.11,17.95,Nintendo DS,T,0.0
MX vs. ATV Untamed,THQ,61,0.11,17.95,Nintendo DS,E,12.0
WWE SmackDown vs. Raw 2008,THQ,61,0.11,14.95,Nintendo DS,T,25.316666666666666
The BIGS,2K,72,0.11,16.95,Sony PSP,M,16.816666666666666
Brave Story: New Traveler,,76,0.11,17.95,Sony PSP,T,26.166666666666668
WipEout Pulse,Sony,82,0.11,16.95,Sony PSP,T,8.666666666666666
TimeShift,,70,0.11,16.95,PlayStation 3,M,8.5
Star Trek: Conquest,,49,0.11,27.95,Nintendo Wii,T,0.0
Beautiful Katamari,Namco,73,0.11,17.95,X360,M,14.55
Hour of Victory,Midway,37,0.11,12.95,X360,M,6.133333333333334
Fantastic Four: Rise of the Silver Surfer,2K,47,0.1,14.95,PlayStation 3,M,7.6
SEGA Rally Revo,Sega,77,0.1,14.95,X360,E,34.0
7 Wonders of the Ancient World,,60,0.1,17.95,Nintendo DS,T,7.483333333333333
Draglade,,71,0.1,16.95,Nintendo DS,M,4.916666666666667
Final Fantasy Fables: Chocobo Tales,SquareEnix,75,0.1,17.95,Nintendo DS,M,17.2
Marvel Trading Card Game,Konami,61,0.1,16.95,Nintendo DS,M,0.0
Crazy Taxi: Fare Wars,Sega,64,0.1,17.95,Sony PSP,E,0.0
The Golden Compass,Sega,28,0.1,14.95,Sony PSP,E,8.566666666666666
Harry Potter and the Order of the Phoenix,EA,52,0.1,16.95,Sony PSP,E,12.383333333333333
Bladestorm: The Hundred Years' War,,58,0.1,44.95,PlayStation 3,E,51.25
Surf's Up,Ubisoft,61,0.09,17.95,X360,E,1.2833333333333332
Blazing Angels 2: Secret Missions of WWII,Ubisoft,72,0.09,16.95,X360,M,13.0
InuYasha: Secret of the Divine Jewel,Namco,46,0.09,24.95,Nintendo DS,T,9.566666666666666
The Settlers,Ubisoft,39,0.09,17.95,Nintendo DS,T,7.183333333333334
Shrek the Third,Activision,57,0.09,22.95,Sony PSP,T,5.116666666666666
Ratatouille,THQ,55,0.09,17.95,PlayStation 3,T,13.2
Soldier of Fortune: Payback,Activision,50,0.09,14.95,PlayStation 3,E,3.783333333333333
Heatseeker,,62,0.09,17.95,Nintendo Wii,T,9.75
NHL 2K8,,74,0.08,9.95,PlayStation 3,E,0.0
NCAA March Madness 08,EA,67,0.08,12.95,PlayStation 3,E,0.0
Fantastic Four: Rise of the Silver Surfer,2K,45,0.08,14.95,X360,E,7.6
Monster Madness: Battle for Suburbia,,55,0.08,14.95,X360,E,0.0
Pro Evolution Soccer 2008,Konami,76,0.08,14.95,X360,M,63.8
Blazing Angels 2: Secret Missions of WWII,Ubisoft,70,0.08,22.95,PlayStation 3,T,13.0
Cake Mania,,55,0.08,16.95,Nintendo DS,M,6.0
River King: Mystic Valley,,54,0.08,24.95,Nintendo DS,T,0.0
Touch Detective 2 1/2,,67,0.08,14.95,Nintendo DS,T,6.633333333333333
7 Wonders of the Ancient World,,51,0.08,17.95,Sony PSP,E,7.483333333333333
Brooktown High,Konami,51,0.08,16.95,Sony PSP,T,0.0
Crush,Sega,83,0.08,16.95,Sony PSP,E,6.883333333333333
Jackass: The Game,,58,0.08,17.95,Sony PSP,E,0.0
The Sims 2: Castaway,EA,64,0.08,17.95,Sony PSP,T,8.0
Test Drive Unlimited,Atari,80,0.08,17.95,Sony PSP,M,53.4
Thrillville: Off the Rails,,72,0.08,16.95,Sony PSP,T,12.15
Victorious Boxers: Revolution,Ubisoft,59,0.08,24.95,Nintendo Wii,E,0.0
Bladestorm: The Hundred Years' War,,63,0.08,34.95,X360,T,51.25
Looney Tunes: Acme Arsenal,,40,0.07,17.95,X360,M,3.8333333333333335
SEGA Rally Revo,Sega,75,0.07,16.95,PlayStation 3,T,34.0
Death Jr. and the Science Fair of Doom,Konami,47,0.07,12.95,Nintendo DS,M,0.0
Indianapolis 500 Legends,,51,0.07,16.95,Nintendo DS,T,14.5
Worms: Open Warfare 2,THQ,81,0.07,17.95,Nintendo DS,E,9.116666666666667
Alien Syndrome,Sega,51,0.07,12.95,Sony PSP,E,2.783333333333333
BlackSite: Area 51,Midway,56,0.07,17.95,PlayStation 3,E,5.816666666666666
Code Lyoko: Quest for Infinity,,58,0.07,17.95,Nintendo Wii,T,5.8
Super Swing Golf Season 2,,70,0.07,19.95,Nintendo Wii,M,0.0
FlatOut: Ultimate Carnage,,80,0.07,16.95,X360,E,21.8
Zoids Assault,,46,0.07,17.95,X360,M,12.05
Alien Syndrome,Sega,48,0.06,12.95,Nintendo Wii,E,2.783333333333333
Tetris Evolution,THQ,52,0.06,17.95,X360,T,0.0
Heroes of Mana,SquareEnix,66,0.06,24.95,Nintendo DS,T,27.016666666666666
Myst,Midway,43,0.06,24.95,Nintendo DS,E,7.866666666666667
Coded Arms: Contagion,Konami,56,0.06,14.95,Sony PSP,E,9.85
King of Clubs,,35,0.06,14.95,Nintendo Wii,E,0.0
F.E.A.R. Files,,66,0.06,17.95,X360,E,11.583333333333334
Ontamarama,,71,0.05,17.95,Nintendo DS,M,1.0
Retro Game Challenge,Namco,77,0.05,17.95,Nintendo DS,T,11.716666666666667
Ultimate Mortal Kombat 3,Midway,73,0.05,23.95,Nintendo DS,E,3.85
"Warhammer 40,000: Squad Command",THQ,57,0.05,17.95,Nintendo DS,T,0.0
Juiced 2: Hot Import Nights,THQ,73,0.05,16.95,Sony PSP,E,16.45
Pursuit Force: Extreme Justice,Sony,73,0.05,14.95,Sony PSP,E,8.5
Medal of Honor: Vanguard,EA,56,0.05,17.95,Nintendo Wii,T,3.55
World Series of Poker 2008: Battle for the Brac...,Activision,74,0.05,19.95,X360,E,0.0
Pro Evolution Soccer 2008,Konami,74,0.04,17.95,PlayStation 3,E,63.8
Worms: Open Warfare 2,THQ,80,0.04,17.95,Sony PSP,T,9.116666666666667
Surf's Up,Ubisoft,59,0.04,17.95,PlayStation 3,E,1.2833333333333332
Fantastic Four: Rise of the Silver Surfer,2K,39,0.04,12.95,Nintendo Wii,E,7.6
Brothers in Arms DS,Ubisoft,72,0.04,17.95,Nintendo DS,E,6.333333333333333
Bubble Bobble Double Shot,,50,0.04,17.95,Nintendo DS,E,0.0
Fantastic Four: Rise of the Silver Surfer,2K,35,0.04,14.95,Nintendo DS,E,7.6
Zendoku,Eidos,68,0.04,16.95,Nintendo DS,E,4.0
Heatseeker,,49,0.04,12.95,Sony PSP,T,9.75
Manhunt 2,Rockstar,69,0.04,7.95,Sony PSP,T,10.383333333333333
SWAT: Target Liberty,,50,0.04,12.95,Sony PSP,E,0.0
Anubis II,,19,0.04,9.95,Nintendo Wii,M,0.0
Barnyard,THQ,65,0.04,17.95,Nintendo Wii,T,0.0
Escape from Bug Island,Eidos,37,0.04,14.95,Nintendo Wii,T,7.583333333333333
Octomania,,66,0.04,14.95,Nintendo Wii,M,0.0
Cabela's Big Game Hunter,Activision,51,0.04,19.95,X360,E,4.5
UEFA Champions League 2006-2007,EA,72,0.03,6.95,X360,T,0.0
Aliens Vs Predator: Requiem,,49,0.03,17.95,Sony PSP,T,0.0
NBA 08,Sony,75,0.03,7.95,Sony PSP,E,0.0
Guilty Gear XX ? Core,,75,0.03,24.95,Nintendo Wii,E,2.0
Arkanoid DS,SquareEnix,61,0.03,16.95,Nintendo DS,E,0.0
Code Lyoko,,63,0.03,11.95,Nintendo DS,T,7.733333333333333
Dynasty Warriors DS: Fighter's Battle,,56,0.03,14.95,Nintendo DS,T,0.0
Orcs & Elves,EA,68,0.03,14.95,Nintendo DS,T,4.883333333333333
Prism: Light the Way,Eidos,73,0.03,16.95,Nintendo DS,T,0.0
Dead Head Fred,,75,0.03,12.95,Sony PSP,E,9.9
Hot Pixel,Atari,55,0.03,8.95,Sony PSP,T,0.7166666666666667
The Legend of Heroes III: Song of the Ocean,Namco,58,0.03,17.95,Sony PSP,T,49.88333333333333
SEGA Rally Revo,Sega,74,0.03,16.95,Sony PSP,T,34.0
Bionicle Heroes,Eidos,52,0.03,17.95,Nintendo Wii,T,15.3
Burnout Dominator,EA,76,0.02,17.95,Sony PSP,T,17.583333333333332
Samurai Warriors 2: Empires,,53,0.02,19.95,X360,E,12.75
Meteos: Disney Magic,Disney,74,0.02,12.95,Nintendo DS,T,0.0
Turn It Around,,39,0.02,9.95,Nintendo DS,E,1.0
Cube,,60,0.02,17.95,Sony PSP,T,0.0
Dragoneer's Aria,,56,0.02,24.95,Sony PSP,E,37.63333333333333
The Fast and the Furious,Namco,58,0.02,22.95,Sony PSP,M,0.0
R-Type Command,,69,0.02,14.95,Sony PSP,M,31.9
Virtua Tennis 3,Sega,79,0.02,16.95,Sony PSP,M,18.166666666666668
Virtua Tennis 3,Sega,80,0.01,14.95,X360,T,18.166666666666668
Front Mission,SquareEnix,72,0.01,17.95,Nintendo DS,E,20.866666666666667
Lost in Blue 2,Konami,58,0.01,17.95,Nintendo DS,T,0.0
Nervous Brickdown,,70,0.01,17.95,Nintendo DS,E,8.0
Sea Monsters: A Prehistoric Adventure,,43,0.01,13.95,Nintendo DS,T,5.0
After Burner: Black Falcon,Sega,73,0.01,19.95,Sony PSP,M,0.0
Capcom Puzzle World,Capcom,65,0.01,19.95,Sony PSP,M,0.0
Puzzle Quest: Challenge of the Warlords,,84,0.01,17.95,Sony PSP,T,41.166666666666664
Smash Court Tennis 3,Namco,68,0.01,19.95,Sony PSP,T,0.0
UEFA Champions League 2006-2007,EA,71,0.01,14.95,Sony PSP,T,0.0
Driver: Parallel Lines,Ubisoft,59,0.01,24.95,Nintendo Wii,E,11.366666666666667
Mario Kart Wii,Nintendo,82,12.39,29.95,Nintendo Wii,T,11.4
Grand Theft Auto IV,Rockstar,98,5.76,24.95,X360,E,38.88333333333333
Super Smash Bros.: Brawl,Nintendo,93,5.71,39.95,Nintendo Wii,T,51.43333333333333
Call of Duty: World at War,Activision,84,4.58,29.95,X360,E,10.283333333333333
Grand Theft Auto IV,Rockstar,98,3.91,24.95,PlayStation 3,E,38.88333333333333
Gears of War 2,Microsoft,93,3.9,24.95,X360,E,12.566666666666666
Pokmon: Platinum Version,Nintendo,83,2.86,27.95,Nintendo DS,T,72.21666666666667
Metal Gear Solid 4: Guns of the Patriots,Konami,94,2.58,22.95,PlayStation 3,T,19.866666666666667
Fable II,Microsoft,89,2.55,17.95,X360,E,25.15
Call of Duty: World at War,Activision,85,2.53,29.95,PlayStation 3,T,10.283333333333333
Guitar Hero: World Tour,Activision,86,2.47,17.95,Nintendo Wii,T,15.95
LittleBigPlanet,Sony,95,2.46,24.95,PlayStation 3,T,13.7
Fallout 3,,93,2.44,17.95,X360,T,60.06666666666667
LEGO Indiana Jones: The Original Adventures,,77,2.42,9.95,X360,M,15.133333333333333
Left 4 Dead,,89,2.39,19.95,X360,M,14.083333333333334
Madden NFL 09,EA,83,2.33,14.95,X360,T,15.883333333333333
Guitar Hero: On Tour,Activision,71,2.22,14.95,Nintendo DS,M,24.0
Kung Fu Panda,Activision,75,2.04,9.95,X360,E,6.7
Rock Band 2,,92,1.85,19.95,X360,E,62.55
Sega Superstars Tennis,Sega,67,1.84,9.95,X360,E,7.883333333333333
Guitar Hero: World Tour,Activision,85,1.78,16.95,X360,T,15.95
Animal Crossing: City Folk,Nintendo,73,1.78,29.95,Nintendo Wii,T,191.25
Mario & Sonic at the Olympic Games,Nintendo,70,1.74,24.95,Nintendo DS,T,9.233333333333333
Madden NFL 09,EA,85,1.66,14.95,PlayStation 3,E,15.883333333333333
LEGO Batman: The Videogame,,76,1.64,14.95,X360,T,17.333333333333332
Tom Clancy's Rainbow Six: Vegas 2,Ubisoft,82,1.61,16.95,X360,M,9.9
Kirby Super Star Ultra,Nintendo,76,1.6,24.95,Nintendo DS,M,8.766666666666667
Star Wars: The Force Unleashed,,73,1.59,16.95,X360,T,6.133333333333334
God of War: Chains of Olympus,Sony,91,1.54,17.95,Sony PSP,T,6.033333333333333
Fallout 3,,90,1.48,17.95,PlayStation 3,M,60.06666666666667
Pure,Disney,85,1.43,12.95,X360,T,13.666666666666666
LEGO Indiana Jones: The Original Adventures,,78,1.42,16.95,Nintendo Wii,E,15.133333333333333
Rock Band,,92,1.4,17.95,Nintendo Wii,T,19.366666666666667
LEGO Batman: The Videogame,,72,1.39,17.95,Nintendo DS,T,17.333333333333332
Saints Row 2,THQ,81,1.39,17.95,X360,E,28.1
LEGO Batman: The Videogame,,74,1.32,17.95,Nintendo Wii,E,17.333333333333332
Call of Duty: World at War,Activision,83,1.17,29.95,Nintendo Wii,M,10.283333333333333
Midnight Club: Los Angeles,Rockstar,81,1.15,22.95,X360,E,30.666666666666668
Mortal Kombat vs. DC Universe,Midway,76,1.13,24.95,PlayStation 3,E,4.733333333333333
Army of Two,EA,72,1.12,16.95,X360,T,6.8
Resistance 2,Sony,87,1.11,24.95,PlayStation 3,E,10.583333333333334
Rock Band 2,,91,1.11,24.95,PlayStation 3,E,62.55
Midnight Club: Los Angeles,Rockstar,82,1.09,22.95,PlayStation 3,M,30.666666666666668
Sonic Unleashed,Sega,66,1.09,17.95,Nintendo Wii,E,13.15
NBA 2K9 ,2K,84,1.07,12.95,X360,E,0.0
Guitar Hero: World Tour,Activision,84,1.04,17.95,PlayStation 3,E,15.95
Guitar Hero: Aerosmith,Activision,73,1.03,14.95,Nintendo Wii,E,11.3
Star Wars: The Force Unleashed,,71,1.01,14.95,Nintendo Wii,E,6.133333333333334
Burnout Paradise,EA,87,1.01,17.95,PlayStation 3,T,27.15
Pokmon Ranger: Shadows of Almia,Nintendo,68,0.99,24.95,Nintendo DS,T,28.75
Mortal Kombat vs. DC Universe,Midway,72,0.98,24.95,X360,M,4.733333333333333
Dead Space,EA,88,0.96,17.95,PlayStation 3,M,12.733333333333333
Shaun White Snowboarding: Road Trip,Ubisoft,78,0.95,14.95,Nintendo Wii,E,0.0
Star Wars: The Force Unleashed,,71,0.92,17.95,PlayStation 3,E,6.133333333333334
Guitar Hero: Aerosmith,Activision,70,0.91,9.95,X360,E,11.3
SOCOM: U.S. Navy SEALs - Confrontation,Sony,63,0.91,16.95,PlayStation 3,E,10.0
SoulCalibur IV,Namco,85,0.87,19.95,X360,E,10.083333333333334
Battlefield: Bad Company,EA,83,0.83,16.95,X360,E,8.266666666666667
Saints Row 2,THQ,82,0.81,17.95,PlayStation 3,M,28.1
Guitar Hero: On Tour - Decades,Activision,72,0.8,17.95,Nintendo DS,T,10.916666666666666
Devil May Cry 4,Capcom,84,0.8,17.95,X360,T,13.35
Mystery Case Files: MillionHeir,Nintendo,65,0.76,17.95,Nintendo DS,T,8.033333333333333
Battlefield: Bad Company,EA,84,0.76,17.95,PlayStation 3,T,8.266666666666667
Army of Two,EA,74,0.75,16.95,PlayStation 3,T,6.8
Rayman Raving Rabbids TV Party,Ubisoft,73,0.74,17.95,Nintendo Wii,T,0.0
The House of the Dead 2 & 3 Return,Sega,66,0.74,17.95,Nintendo Wii,M,6.7
Far Cry 2,Ubisoft,85,0.73,19.95,X360,T,26.0
Boom Blox,EA,85,0.72,24.95,Nintendo Wii,T,6.4
Spore Creatures,EA,65,0.7,14.95,Nintendo DS,T,0.0
Madden NFL 09,EA,68,0.68,14.95,Sony PSP,T,15.883333333333333
NCAA Football 09,EA,83,0.68,14.95,X360,T,0.0
MLB 08: The Show,Sony,85,0.67,12.95,PlayStation 3,E,10.0
Tom Clancy's Rainbow Six: Vegas 2,Ubisoft,81,0.67,24.95,PlayStation 3,E,9.9
Mercenaries 2: World in Flames,EA,72,0.66,14.95,X360,E,22.866666666666667
Need for Speed: Undercover,EA,64,0.66,17.95,X360,E,12.183333333333334
Guitar Hero: Aerosmith,Activision,70,0.65,14.95,PlayStation 3,M,11.3
SoulCalibur IV,Ubisoft,85,0.65,22.95,PlayStation 3,E,10.083333333333334
Valkyria Chronicles,Sega,86,0.65,24.95,PlayStation 3,T,37.083333333333336
Harvest Moon: Tree of Tranquility,,65,0.62,34.95,Nintendo Wii,M,53.38333333333333
Star Wars: The Clone Wars - Jedi Alliance,,68,0.6,17.95,Nintendo DS,T,5.133333333333334
Need for Speed: Undercover,EA,59,0.59,17.95,PlayStation 3,E,12.183333333333334
Wario Land: Shake It!,Nintendo,78,0.59,19.95,Nintendo Wii,T,9.633333333333333
NBA 2K9,2K,82,0.58,14.95,PlayStation 3,E,0.0
Major League Baseball 2K9,2K,64,0.58,14.95,X360,E,0.0
NCAA Football 09,EA,81,0.56,14.95,PlayStation 3,E,0.0
Kung Fu Panda,Activision,71,0.56,17.95,Nintendo DS,E,6.7
Devil May Cry 4,Capcom,84,0.56,19.95,PlayStation 3,T,13.35
Tom Clancy's EndWar,Ubisoft,77,0.56,16.95,X360,E,14.533333333333333
LEGO Batman: The Videogame,,73,0.54,17.95,Sony PSP,M,17.333333333333332
BioShock,2K,94,0.53,17.95,PlayStation 3,E,14.666666666666666
Bully: Scholarship Edition,Rockstar,80,0.53,17.95,X360,T,18.8
Prince of Persia,Ubisoft,81,0.53,16.95,X360,T,13.916666666666666
Kung Fu Panda,Activision,70,0.52,16.95,Nintendo Wii,E,6.7
Sonic Chronicles: The Dark Brotherhood,Sega,74,0.52,17.95,Nintendo DS,E,22.166666666666668
Chrono Trigger,SquareEnix,92,0.51,17.95,Nintendo DS,T,28.25
Tomb Raider: Underworld,Eidos,76,0.51,17.95,X360,E,11.516666666666667
skate it,EA,70,0.5,39.95,Nintendo Wii,T,0.0
The Legendary Starfy,Nintendo,75,0.5,24.95,Nintendo DS,E,14.25
Mirror's Edge,EA,79,0.5,14.95,X360,T,7.016666666666667
Haze,Ubisoft,55,0.49,12.95,PlayStation 3,T,7.65
Dissidia: Final Fantasy,SquareEnix,79,0.49,17.95,Sony PSP,T,63.31666666666667
Sid Meier's Civilization: Revolution,2K,84,0.49,24.95,X360,T,14.4
Wall-E,THQ,51,0.48,17.95,Nintendo Wii,E,7.35
Prince of Persia,Ubisoft,85,0.48,17.95,PlayStation 3,T,13.916666666666666
NHL 09 ,EA,88,0.48,14.95,X360,E,26.666666666666668
Brothers in Arms: Hell's Highway,Ubisoft,76,0.47,17.95,X360,E,8.966666666666667
Shaun White Snowboarding,Ubisoft,60,0.47,14.95,X360,T,0.0
Turok,,69,0.47,14.95,X360,E,9.716666666666667
Iron Man,Sega,44,0.46,16.95,Sony PSP,E,5.8
De Blob,THQ,82,0.45,16.95,Nintendo Wii,M,12.133333333333333
Sonic Riders: Zero Gravity,Sega,56,0.45,16.95,Nintendo Wii,T,5.5
Rhythm Heaven,Nintendo,83,0.45,24.95,Nintendo DS,T,9.116666666666667
Tomb Raider: Underworld,Eidos,75,0.44,17.95,PlayStation 3,T,11.516666666666667
Advance Wars: Days of Ruin,Nintendo,86,0.43,17.95,Nintendo DS,E,33.93333333333333
LEGO Batman: The Videogame,,75,0.43,17.95,PlayStation 3,E,17.333333333333332
Far Cry 2,Ubisoft,85,0.43,19.95,PlayStation 3,T,26.0
Harvest Moon: Island of Happiness,,65,0.42,24.95,Nintendo DS,E,43.0
Brothers in Arms: Hell's Highway,Ubisoft,76,0.42,19.95,PlayStation 3,T,8.966666666666667
Sonic Unleashed,Sega,54,0.42,17.95,PlayStation 3,T,13.15
Pinball Hall of Fame: The Williams Collection,,82,0.41,17.95,Nintendo Wii,T,29.25
Sonic Unleashed,Sega,60,0.41,17.95,X360,E,13.15
Samba de Amigo,Sega,68,0.4,12.95,Nintendo Wii,T,8.0
?kami,Capcom,90,0.39,17.95,Nintendo Wii,M,44.96666666666667
LEGO Indiana Jones: The Original Adventures,,77,0.38,17.95,PlayStation 3,E,15.133333333333333
MotorStorm: Pacific Rift,Sony,82,0.37,29.95,PlayStation 3,T,37.5
Tiger Woods PGA Tour 09,EA,84,0.37,19.95,X360,E,0.0
SimCity Creator,EA,67,0.37,24.95,Nintendo Wii,E,0.0
Tiger Woods PGA Tour 09,EA,82,0.36,19.95,PlayStation 3,E,0.0
Sid Meier's Civilization: Revolution,2K,80,0.36,17.95,Nintendo DS,M,14.4
Pure,Disney,83,0.36,17.95,PlayStation 3,M,13.666666666666666
Turok,,67,0.36,16.95,PlayStation 3,M,9.716666666666667
Crash: Mind over Mutant,,70,0.36,17.95,Nintendo Wii,E,6.083333333333333
Spider-Man: Web of Shadows,Activision,68,0.36,19.95,X360,E,12.566666666666666
Frontlines: Fuel of War,THQ,75,0.35,14.95,X360,M,5.85
GRID,,87,0.35,19.95,X360,E,28.583333333333332
Too Human,Microsoft,65,0.35,14.95,X360,T,20.516666666666666
Speed Racer: The Videogame,,69,0.34,16.95,Nintendo Wii,M,12.383333333333333
LEGO Indiana Jones: The Original Adventures,,76,0.34,17.95,Sony PSP,E,15.133333333333333
SEGA Bass Fishing,Sega,59,0.34,17.95,Nintendo Wii,E,8.366666666666667
The Chronicles of Narnia: Prince Caspian,Disney,63,0.33,16.95,Nintendo Wii,M,12.816666666666666
Iron Man,Sega,56,0.33,14.95,Nintendo DS,M,5.8
The Sims 2: Apartment Pets,EA,50,0.33,17.95,Nintendo DS,M,0.0
MLB 08: The Show,Sony,83,0.33,14.95,Sony PSP,M,10.0
Iron Man,Sega,42,0.33,17.95,PlayStation 3,T,5.8
Madagascar: Escape 2 Africa,Activision,55,0.32,17.95,Nintendo DS,T,6.5
GRID,,87,0.31,24.95,PlayStation 3,T,28.583333333333332
NHL 09,EA,88,0.31,19.95,PlayStation 3,M,26.666666666666668
Banjo-Kazooie: Nuts & Bolts,Microsoft,79,0.31,17.95,X360,E,26.933333333333334
Hot Shots Golf: Out of Bounds,Sony,81,0.3,34.95,PlayStation 3,T,0.0
Rune Factory 2: A Fantasy Harvest Moon,,79,0.3,17.95,Nintendo DS,T,66.13333333333334
SimCity Creator,EA,69,0.3,17.95,Nintendo DS,M,0.0
Patapon,Sony,86,0.3,17.95,Sony PSP,T,19.9
Shaun White Snowboarding,Ubisoft,63,0.3,15.95,PlayStation 3,T,0.0
Iron Man,Sega,44,0.3,17.95,Nintendo Wii,T,5.8
Sega Superstars Tennis,Sega,65,0.29,14.95,Nintendo DS,T,7.883333333333333
Lost Planet: Extreme Condition,Capcom,67,0.29,16.95,PlayStation 3,T,8.866666666666667
Mirror's Edge,EA,79,0.29,14.95,PlayStation 3,T,7.016666666666667
The Incredible Hulk,Sega,46,0.29,16.95,Nintendo Wii,T,5.216666666666667
Condemned 2: Bloodshot,Sega,80,0.29,14.95,X360,T,10.15
Sega Superstars Tennis,Sega,71,0.28,12.95,Nintendo Wii,E,7.883333333333333
Speed Racer: The Videogame,,75,0.28,17.95,Nintendo DS,M,12.383333333333333
Viva Pi$?ata: Pocket Paradise,THQ,82,0.28,17.95,Nintendo DS,T,20.333333333333332
Tom Clancy's EndWar,Ubisoft,76,0.28,17.95,PlayStation 3,M,14.533333333333333
Iron Man,Sega,45,0.28,17.95,X360,M,5.8
Need for Speed: Undercover,EA,54,0.27,27.95,Nintendo Wii,E,12.183333333333334
Wall-E,THQ,50,0.27,14.95,X360,E,7.35
Spectrobes: Beyond the Portals,Disney,70,0.27,11.95,Nintendo DS,M,30.25
MX vs. ATV Untamed,Ubisoft,59,0.27,16.95,Sony PSP,T,12.0
Mercenaries 2: World in Flames,EA,72,0.27,15.95,PlayStation 3,E,22.866666666666667
Infinite Undiscovery,SquareEnix,68,0.27,17.95,X360,T,34.833333333333336
TNA iMPACT!,Midway,62,0.26,14.95,X360,M,15.883333333333333
Enemy Territory: Quake Wars,Activision,69,0.26,14.95,X360,T,9.916666666666666
Fire Emblem: Shadow Dragon,Nintendo,81,0.25,19.95,Nintendo DS,M,23.316666666666666
Neopets Puzzle Adventure,Capcom,70,0.25,17.95,Nintendo DS,T,3.0
Tales of Vesperia,Namco,79,0.25,27.95,X360,M,71.78333333333333
SingStar ABBA,Sony,70,0.24,17.95,PlayStation 3,T,0.0
Dragon Ball Z: Burst Limit,Namco,72,0.24,17.95,X360,E,8.05
Apollo Justice: Ace Attorney,Capcom,78,0.24,24.95,Nintendo DS,T,19.85
Castlevania: Order of Ecclesia,Konami,85,0.24,24.95,Nintendo DS,T,14.766666666666667
Mega Man Star Force 2: Zerker X Ninja,Capcom,55,0.24,17.95,Nintendo DS,T,19.716666666666665
Enemy Territory: Quake Wars,Activision,60,0.24,16.95,PlayStation 3,T,9.916666666666666
Namco Museum: Virtual Arcade,Namco,63,0.24,17.95,X360,T,0.0
NASCAR 09,EA,69,0.24,19.95,X360,T,0.0
Turning Point: Fall of Liberty,,43,0.24,7.95,X360,M,5.116666666666666
Summer Athletics 2009,,56,0.23,19.95,Nintendo Wii,M,0.0
Unreal Tournament III,Midway,82,0.23,14.95,X360,M,14.066666666666666
Shaun White Snowboarding,Ubisoft,63,0.23,16.95,Nintendo DS,T,0.0
Dark Sector,,72,0.23,14.95,PlayStation 3,T,9.166666666666666
The Last Remnant,SquareEnix,66,0.23,14.95,X360,T,87.28333333333333
Dragon Ball Z: Burst Limit,Namco,71,0.22,19.95,PlayStation 3,M,8.05
NASCAR 09,EA,65,0.22,22.95,PlayStation 3,E,0.0
Turning Point: Fall of Liberty,,42,0.22,7.95,PlayStation 3,T,5.116666666666666
MX vs. ATV Untamed,THQ,70,0.22,24.95,Nintendo Wii,E,12.0
Crash: Mind over Mutant,,60,0.22,24.95,X360,M,6.083333333333333
The Incredible Hulk,Sega,55,0.22,17.95,X360,E,5.216666666666667
Silent Hill: Homecoming,Konami,70,0.22,17.95,X360,T,10.133333333333333
TNA iMPACT!,Midway,64,0.21,12.95,PlayStation 3,M,15.883333333333333
The Incredible Hulk,Sega,55,0.21,16.95,PlayStation 3,T,5.216666666666667
Kung Fu Panda,Activision,76,0.21,19.95,PlayStation 3,M,6.7
Dark Sector,,72,0.21,13.95,X360,M,9.166666666666666
Tales of Symphonia: Dawn of the New World,Namco,68,0.2,24.95,Nintendo Wii,T,41.0
Valkyrie Profile: Covenant of the Plume,SquareEnix,74,0.2,24.95,Nintendo DS,M,26.45
Spider-Man: Web of Shadows,Activision,67,0.2,24.95,PlayStation 3,E,12.566666666666666
TV Show King,,65,0.19,17.95,Nintendo Wii,T,30.0
AC/DC Live: Rock Band - Track Pack,,63,0.19,14.95,X360,M,3.6333333333333333
The Chronicles of Narnia: Prince Caspian,Disney,54,0.19,10.95,Nintendo DS,M,12.816666666666666
Hot Shots Golf: Open Tee 2,Sony,82,0.19,14.95,Sony PSP,E,0.0
AC/DC Live: Rock Band - Track Pack,,60,0.19,14.95,PlayStation 3,E,3.6333333333333333
Harvest Moon: Magical Melody,,69,0.18,23.95,Nintendo Wii,T,32.96666666666667
Dynasty Warriors 6,,59,0.18,24.95,PlayStation 3,M,29.35
Order Up!,,76,0.18,17.95,Nintendo Wii,T,6.633333333333333
NBA Ballers: Chosen One,Midway,55,0.17,9.95,X360,T,0.0
Age of Empires: Mythologies,THQ,78,0.17,17.95,Nintendo DS,T,16.6
LocoRoco 2,Sony,85,0.17,11.95,Sony PSP,M,17.266666666666666
Star Ocean: First Departure,SquareEnix,74,0.17,17.95,Sony PSP,T,23.283333333333335
Lost: Via Domus,Ubisoft,54,0.17,16.95,PlayStation 3,T,5.833333333333333
Tetris Party,,75,0.16,24.95,Nintendo Wii,T,2.0
Bully: Scholarship Edition,Rockstar,83,0.16,17.95,Nintendo Wii,E,18.8
The Spiderwick Chronicles,,62,0.16,16.95,Nintendo Wii,M,5.333333333333333
Dynasty Warriors 6,,60,0.16,24.95,X360,M,29.35
Facebreaker,EA,54,0.16,12.95,X360,M,0.0
Ninja Gaiden: Dragon Sword,,83,0.16,12.95,Nintendo DS,E,5.3
Condemned 2: Bloodshot,Sega,82,0.16,14.95,PlayStation 3,T,10.15
Silent Hill: Homecoming,Konami,71,0.16,17.95,PlayStation 3,E,10.133333333333333
Command & Conquer: Red Alert 3,EA,77,0.16,14.95,X360,T,14.7
Viking: Battle for Asgard,Sega,68,0.16,14.95,X360,M,17.5
Beijing 2008,Sega,60,0.15,14.95,X360,T,5.5
Don King Presents: Prizefighter,2K,56,0.15,14.95,X360,M,12.85
Bomberman,,73,0.15,12.95,Sony PSP,M,3.3333333333333335
Ferrari Challenge Trofeo Pirelli,,71,0.15,17.95,PlayStation 3,E,32.0
Command & Conquer 3: Kane's Wrath,EA,75,0.15,17.95,X360,M,9.766666666666667
Lost: Via Domus,Ubisoft,55,0.15,17.95,X360,M,5.833333333333333
NHL 2K9 ,2K,69,0.15,14.95,X360,T,0.0
Eternal Sonata,Namco,80,0.14,24.95,PlayStation 3,M,38.15
Viva Pi$?ata: Trouble in Paradise,Microsoft,82,0.14,17.95,X360,T,31.883333333333333
FlatOut: Head On,,74,0.14,9.95,Sony PSP,E,21.8
Viking: Battle for Asgard,Sega,65,0.14,16.95,PlayStation 3,M,17.5
Neopets Puzzle Adventure,Capcom,52,0.14,14.95,Nintendo Wii,E,3.0
TNA iMPACT!,Midway,43,0.14,14.95,Nintendo Wii,E,15.883333333333333
Tomb Raider: Underworld,Eidos,70,0.14,17.95,Nintendo Wii,T,11.516666666666667
The Club,Sega,76,0.13,14.95,X360,T,6.133333333333334
The Chronicles of Narnia: Prince Caspian,Disney,56,0.13,14.95,X360,M,12.816666666666666
Cabela's Dangerous Hunts 2009,Activision,42,0.13,19.95,X360,M,0.0
Dark Messiah of Might and Magic: Elements,Ubisoft,52,0.13,17.95,X360,T,13.233333333333333
Fracture,,63,0.13,14.95,X360,T,7.9
Bomberman Land,,57,0.12,19.95,Nintendo Wii,T,0.0
Nitrobike,Ubisoft,49,0.12,14.95,Nintendo Wii,E,0.0
Culdcept Saga,Namco,75,0.12,17.95,X360,T,47.61666666666667
Facebreaker,,53,0.12,14.95,PlayStation 3,E,0.0
MLB Power Pros 2008,2K,83,0.12,22.95,Nintendo Wii,E,0.0
Mushroom Men: The Spore Wars,,72,0.12,17.95,Nintendo Wii,E,5.516666666666667
Dragon Quest V: Hand of the Heavenly Bride,SquareEnix,84,0.12,29.95,Nintendo DS,T,34.833333333333336
Ninjatown,,80,0.12,19.95,Nintendo DS,T,14.683333333333334
Super Dodgeball Brawlers,,65,0.12,19.95,Nintendo DS,T,0.6833333333333333
Dokapon Kingdom,,72,0.12,17.95,Nintendo Wii,M,24.533333333333335
Alone in the Dark,Atari,58,0.12,14.95,X360,M,6.6
NBA 09: The Inside,Sony,63,0.11,14.95,PlayStation 3,M,0.0
Sega Superstars Tennis,Sega,67,0.11,16.95,PlayStation 3,M,7.883333333333333
Baja: Edge of Control,THQ,65,0.11,16.95,X360,T,0.0
Destroy All Humans! Big Willy Unleashed,THQ,53,0.11,17.95,Nintendo Wii,T,4.5
Space Invaders Extreme,SquareEnix,85,0.11,16.95,Nintendo DS,T,0.0
Ultimate Band,Disney,69,0.11,14.95,Nintendo DS,E,0.0
The Club,Sega,72,0.1,14.95,PlayStation 3,M,6.133333333333334
Madagascar: Escape 2 Africa,Activision,58,0.1,24.95,PlayStation 3,M,6.5
NBA Ballers: Chosen One,Midway,54,0.1,14.95,PlayStation 3,M,0.0
Dream Pinball 3D,,54,0.1,16.95,Nintendo Wii,M,0.0
Madagascar: Escape 2 Africa,Activision,62,0.1,19.95,X360,T,6.5
Pro Evolution Soccer 2008,Konami,83,0.1,17.95,Nintendo Wii,T,63.8
Avalon Code,,71,0.1,27.95,Nintendo DS,M,31.5
Disgaea DS,,82,0.1,24.95,Nintendo DS,M,82.76666666666667
Guitar Rock Tour,,60,0.1,13.95,Nintendo DS,T,0.0
Lost in Blue 3,Konami,59,0.1,17.95,Nintendo DS,M,0.0
Syberia,,52,0.1,23.95,Nintendo DS,T,10.85
Afrika,Sony,63,0.1,47.95,PlayStation 3,T,28.266666666666666
NFL Head Coach 09,EA,64,0.1,14.95,PlayStation 3,T,0.0
NHL 2K9,2K,70,0.1,14.95,PlayStation 3,T,0.0
Brothers in Arms: Double Time,Ubisoft,45,0.1,17.95,Nintendo Wii,E,0.0
ObsCure: The Aftermath,,53,0.1,16.95,Nintendo Wii,T,7.633333333333333
MotoGP 08,,68,0.1,16.95,X360,T,0.0
NFL Head Coach 09,EA,67,0.1,12.95,X360,E,0.0
NFL Tour,EA,49,0.1,12.95,X360,M,0.0
Pinball Hall of Fame: The Williams Collection,,78,0.09,17.95,Sony PSP,T,29.25
Baja: Edge of Control,THQ,61,0.09,17.95,PlayStation 3,M,0.0
NFL Tour,EA,45,0.09,14.95,PlayStation 3,E,0.0
Wall-E,THQ,51,0.09,17.95,PlayStation 3,M,7.35
Ninja Reflex,EA,49,0.09,14.95,Nintendo Wii,E,3.8333333333333335
Conflict: Denied Ops,Eidos,52,0.09,12.95,X360,T,6.383333333333334
Top Spin 3,2K,78,0.09,19.95,X360,T,0.0
Blitz: The League II,Midway,62,0.09,14.95,PlayStation 3,M,20.0
Hellboy: The Science of Evil,Konami,47,0.09,16.95,PlayStation 3,T,0.0
Castlevania Judgment,Konami,49,0.09,17.95,Nintendo Wii,T,7.783333333333333
Death Jr. II: Root of Evil,Eidos,71,0.09,17.95,Nintendo Wii,E,9.7
Raiden IV,,63,0.09,32.95,X360,T,0.8333333333333334
Metal Slug 7,,70,0.09,17.95,Nintendo DS,M,1.2666666666666666
Spider-Man: Web of Shadows,Activision,77,0.09,15.95,Nintendo DS,E,12.566666666666666
Trauma Center: Under The Knife 2,,79,0.09,19.95,Nintendo DS,T,12.0
Fracture,,62,0.09,14.95,PlayStation 3,M,7.9
Alone in the Dark,Atari,39,0.09,14.95,Nintendo Wii,T,6.6
Final Fantasy Fables: Chocobo's Dungeon,SquareEnix,76,0.09,17.95,Nintendo Wii,M,28.166666666666668
The King of Fighters Collection: The Orochi Saga,,70,0.09,17.95,Nintendo Wii,E,0.0
Klonoa: Door to Phantomile,Namco,77,0.09,17.95,Nintendo Wii,T,5.016666666666667
Samurai Warriors: Katana,,53,0.09,17.95,Nintendo Wii,E,0.0
Battle of the Bands,THQ,58,0.08,14.95,Nintendo Wii,T,0.0
Hellboy: The Science of Evil,Konami,44,0.08,14.95,X360,M,0.0
Dragon Ball: Origins,Atari,78,0.08,15.95,Nintendo DS,M,11.5
Ninja Reflex,EA,54,0.08,12.95,Nintendo DS,T,3.8333333333333335
Space Bust-A-Move,SquareEnix,71,0.08,17.95,Nintendo DS,M,4.016666666666667
Top Spin 3,2K,75,0.08,24.95,PlayStation 3,M,0.0
UEFA Euro 2008,EA,79,0.07,17.95,PlayStation 3,T,0.0
"Blast Works: Build, Trade, Destroy",,78,0.07,14.95,Nintendo Wii,T,0.0
FIFA Street 3,EA,63,0.07,14.95,X360,T,5.75
Blitz: The League II,Midway,68,0.07,12.95,X360,M,20.0
Space Chimps,,57,0.07,14.95,X360,T,2.4
The Spiderwick Chronicles,,59,0.07,14.95,X360,E,5.333333333333333
Etrian Odyssey II: Heroes of Lagaard,,82,0.07,24.95,Nintendo DS,T,55.483333333333334
Line Rider 2: Unbound,,59,0.07,8.95,Nintendo DS,M,0.0
The King of Fighters Collection: The Orochi Saga,,61,0.07,17.95,Sony PSP,E,0.0
Target: Terror,Konami,33,0.07,17.95,Nintendo Wii,M,0.0
Legendary,Atari,47,0.07,17.95,X360,T,5.85
Universe at War: Earth Assault,Sega,66,0.07,14.95,X360,T,16.0
Smash Court Tennis 3,Atari,55,0.06,14.95,X360,E,0.0
Code Lyoko: Fall of X.A.N.A,,51,0.06,14.95,Nintendo DS,M,15.15
Knights in the Nightmare,,76,0.06,29.95,Nintendo DS,M,27.116666666666667
Lock's Quest,THQ,80,0.06,14.95,Nintendo DS,E,14.9
Master of the Monster Lair,,63,0.06,14.95,Nintendo DS,M,0.0
N+,Atari,82,0.06,14.95,Nintendo DS,M,17.2
Pipe Mania,,71,0.06,14.95,Nintendo DS,T,0.0
The Spiderwick Chronicles,,60,0.06,12.95,Nintendo DS,E,5.333333333333333
Summon Night: Twin Age,,73,0.06,24.95,Nintendo DS,E,15.333333333333334
Wild Arms XF,,64,0.06,17.95,Sony PSP,M,56.233333333333334
FIFA Street 3,EA,63,0.06,17.95,PlayStation 3,T,5.75
MotoGP 08,,65,0.06,17.95,PlayStation 3,T,0.0
Harvey Birdman: Attorney at Law,Capcom,60,0.06,14.95,Nintendo Wii,M,4.133333333333334
Let's Tap,Sega,70,0.06,17.95,Nintendo Wii,E,0.0
NHL 2K9,2K,65,0.06,14.95,Nintendo Wii,T,0.0
Conflict: Denied Ops,Eidos,51,0.05,17.95,PlayStation 3,E,6.383333333333334
Worms: A Space Oddity,THQ,64,0.05,17.95,Nintendo Wii,M,10.0
UEFA Euro 2008,EA,80,0.05,14.95,X360,M,0.0
Overlord: Raising Hell,,72,0.05,17.95,PlayStation 3,T,21.983333333333334
Battle Fantasia,,71,0.05,22.95,X360,M,1.1333333333333333
Bangai-O Spirits,,83,0.05,14.95,Nintendo DS,M,11.75
Dungeon Explorer: Warriors of Ancient Arts,,60,0.05,17.95,Nintendo DS,M,12.583333333333334
From the Abyss,,60,0.05,19.95,Nintendo DS,T,7.383333333333334
New International Track & Field,Konami,73,0.05,14.95,Nintendo DS,M,0.0
Soul Bubbles,Eidos,78,0.05,14.95,Nintendo DS,T,8.816666666666666
Tropix!,,59,0.05,23.95,Nintendo DS,M,0.0
Unsolved Crimes,,66,0.05,17.95,Nintendo DS,T,0.0
Zubo,EA,75,0.05,14.95,Nintendo DS,E,15.0
Ford Racing Off Road,,47,0.05,12.95,Sony PSP,M,0.0
Harvey Birdman: Attorney at Law,Capcom,62,0.05,14.95,Sony PSP,M,4.133333333333334
Secret Agent Clank,Sony,72,0.05,23.95,Sony PSP,M,7.766666666666667
Space Invaders Extreme,SquareEnix,84,0.05,16.95,Sony PSP,M,0.0
Armored Core: For Answer,Ubisoft,62,0.05,29.95,PlayStation 3,M,56.88333333333333
Legendary,Atari,50,0.05,19.95,PlayStation 3,E,5.85
Agatha Christie: Evil Under the Sun,,46,0.05,17.95,Nintendo Wii,M,7.616666666666667
Agatha Christie: And Then There Were None,,50,0.05,17.95,Nintendo Wii,M,7.933333333333334
Armored Core: For Answer,Ubisoft,64,0.05,24.95,X360,T,56.88333333333333
Cradle of Rome,,63,0.04,17.95,Nintendo DS,E,0.0
The Dark Spire,,69,0.04,24.95,Nintendo DS,T,56.016666666666666
"Flower, Sun and Rain",,54,0.04,23.95,Nintendo DS,M,10.15
Insecticide,,55,0.04,12.95,Nintendo DS,T,3.5666666666666664
Izuna 2: The Unemployed Ninja Returns,,65,0.04,17.95,Nintendo DS,E,13.25
Looney Tunes: Cartoon Conductor,Eidos,67,0.04,13.95,Nintendo DS,M,4.75
Nanostray 2,,75,0.04,12.95,Nintendo DS,M,3.0
Hellboy: The Science of Evil,Konami,42,0.04,14.95,Sony PSP,E,0.0
Pipe Mania,,74,0.04,12.95,Sony PSP,T,0.0
UEFA Euro 2008,EA,68,0.04,19.95,Sony PSP,E,0.0
Vampire Rain,,30,0.04,24.95,PlayStation 3,E,10.883333333333333
Baroque,,50,0.04,19.95,Nintendo Wii,T,7.783333333333333
Supreme Commander,,56,0.04,17.95,X360,T,24.9
Hail to the Chimp,,52,0.03,16.95,X360,M,0.0
Assassin's Creed: Altar's Chronicles,Ubisoft,58,0.03,11.95,Nintendo DS,T,5.066666666666666
The Legend of Kage 2,SquareEnix,70,0.03,14.95,Nintendo DS,E,3.3333333333333335
Rhapsody: A Musical Adventure,,67,0.03,12.95,Nintendo DS,M,10.666666666666666
Secret Files: Tunguska,,71,0.03,17.95,Nintendo DS,M,10.083333333333334
Fading Shadows,,62,0.03,17.95,Sony PSP,E,0.0
Hail to the Chimp,,51,0.03,15.95,PlayStation 3,M,0.0
Secret Files: Tunguska,,64,0.02,17.95,Nintendo Wii,M,10.083333333333334
Chicken Hunter,,39,0.02,17.95,Nintendo DS,T,1.5
